file,line,type,commit,author,date,time,timezone,datetime,depth,length
style.css,1,css,4c13dfe4,oneeljilc,2025-10-09,22:23:39,-06:00,2025-10-09T22:23:39-06:00,0,4
style.css,2,css,3b9f3739,oneeljilc,2025-10-10,20:44:27,-06:00,2025-10-10T20:44:27-06:00,2,44
style.css,3,css,4c13dfe4,oneeljilc,2025-10-09,22:23:39,-06:00,2025-10-09T22:23:39-06:00,2,32
style.css,4,css,11f7b6e3,oneeljilc,2025-10-17,10:34:58,-06:00,2025-10-17T10:34:58-06:00,0,0
style.css,5,css,11f7b6e3,oneeljilc,2025-10-17,10:34:58,-06:00,2025-10-17T10:34:58-06:00,2,23
style.css,6,css,11f7b6e3,oneeljilc,2025-10-17,10:34:58,-06:00,2025-10-17T10:34:58-06:00,0,0
style.css,7,css,11f7b6e3,oneeljilc,2025-10-17,10:34:58,-06:00,2025-10-17T10:34:58-06:00,2,23
style.css,8,css,11f7b6e3,oneeljilc,2025-10-17,10:34:58,-06:00,2025-10-17T10:34:58-06:00,2,15
style.css,9,css,4c13dfe4,oneeljilc,2025-10-09,22:23:39,-06:00,2025-10-09T22:23:39-06:00,0,0
style.css,10,css,4c13dfe4,oneeljilc,2025-10-09,22:23:39,-06:00,2025-10-09T22:23:39-06:00,0,0
style.css,11,css,bf3b4663,oneeljilc,2025-10-03,22:07:27,-06:00,2025-10-03T22:07:27-06:00,0,4
style.css,12,css,bf3b4663,oneeljilc,2025-10-03,22:07:27,-06:00,2025-10-03T22:07:27-06:00,2,43
style.css,13,css,bf3b4663,oneeljilc,2025-10-03,22:07:27,-06:00,2025-10-03T22:07:27-06:00,2,42
style.css,14,css,bf3b4663,oneeljilc,2025-10-03,22:07:27,-06:00,2025-10-03T22:07:27-06:00,2,0
style.css,15,css,bf3b4663,oneeljilc,2025-10-03,22:07:27,-06:00,2025-10-03T22:07:27-06:00,2,23
style.css,16,css,a1543889,oneeljilc,2025-10-09,21:48:01,-06:00,2025-10-09T21:48:01-06:00,2,15
style.css,17,css,607d9852,oneeljilc,2025-10-09,21:54:23,-06:00,2025-10-09T21:54:23-06:00,2,18
style.css,18,css,1c195635,oneeljilc,2025-10-09,21:55:41,-06:00,2025-10-09T21:55:41-06:00,2,19
style.css,19,css,6403f7cb,oneeljilc,2025-10-09,21:58:37,-06:00,2025-10-09T21:58:37-06:00,0,0
style.css,20,css,6403f7cb,oneeljilc,2025-10-09,21:58:37,-06:00,2025-10-09T21:58:37-06:00,0,0
style.css,21,css,1dcb7434,oneeljilc,2025-10-10,22:59:30,-06:00,2025-10-10T22:59:30-06:00,0,20
style.css,22,css,6403f7cb,oneeljilc,2025-10-09,21:58:37,-06:00,2025-10-09T21:58:37-06:00,0,5
style.css,23,css,6403f7cb,oneeljilc,2025-10-09,21:58:37,-06:00,2025-10-09T21:58:37-06:00,0,6
style.css,24,css,6403f7cb,oneeljilc,2025-10-09,21:58:37,-06:00,2025-10-09T21:58:37-06:00,2,16
style.css,25,css,4d354bb8,oneeljilc,2025-10-09,22:03:54,-06:00,2025-10-09T22:03:54-06:00,0,0
style.css,26,css,4d354bb8,oneeljilc,2025-10-09,22:03:54,-06:00,2025-10-09T22:03:54-06:00,0,0
style.css,27,css,4d354bb8,oneeljilc,2025-10-09,22:03:54,-06:00,2025-10-09T22:03:54-06:00,0,3
style.css,28,css,ad7aab2d,oneeljilc,2025-10-09,22:07:33,-06:00,2025-10-09T22:07:33-06:00,2,12
style.css,29,css,237353eb,oneeljilc,2025-10-09,22:09:41,-06:00,2025-10-09T22:09:41-06:00,2,18
style.css,30,css,2413bfb5,oneeljilc,2025-10-17,10:44:38,-06:00,2025-10-17T10:44:38-06:00,2,41
style.css,31,css,97f8cd9f,oneeljilc,2025-10-09,22:05:42,-06:00,2025-10-09T22:05:42-06:00,0,0
style.css,32,css,97f8cd9f,oneeljilc,2025-10-09,22:05:42,-06:00,2025-10-09T22:05:42-06:00,0,0
style.css,33,css,97f8cd9f,oneeljilc,2025-10-09,22:05:42,-06:00,2025-10-09T22:05:42-06:00,0,5
style.css,34,css,97f8cd9f,oneeljilc,2025-10-09,22:05:42,-06:00,2025-10-09T22:05:42-06:00,2,6
style.css,35,css,ad7aab2d,oneeljilc,2025-10-09,22:07:33,-06:00,2025-10-09T22:07:33-06:00,2,20
style.css,36,css,c71e335c,oneeljilc,2025-10-09,22:07:56,-06:00,2025-10-09T22:07:56-06:00,2,13
style.css,37,css,237353eb,oneeljilc,2025-10-09,22:09:41,-06:00,2025-10-09T22:09:41-06:00,2,17
style.css,38,css,237353eb,oneeljilc,2025-10-09,22:09:41,-06:00,2025-10-09T22:09:41-06:00,2,13
style.css,39,css,5d97fcc5,oneeljilc,2025-10-09,22:16:26,-06:00,2025-10-09T22:16:26-06:00,0,0
style.css,40,css,5d97fcc5,oneeljilc,2025-10-09,22:16:26,-06:00,2025-10-09T22:16:26-06:00,0,0
style.css,41,css,5d97fcc5,oneeljilc,2025-10-09,22:16:26,-06:00,2025-10-09T22:16:26-06:00,0,13
style.css,42,css,1dcb7434,oneeljilc,2025-10-10,22:59:30,-06:00,2025-10-10T22:59:30-06:00,2,45
style.css,43,css,5d97fcc5,oneeljilc,2025-10-09,22:16:26,-06:00,2025-10-09T22:16:26-06:00,2,16
style.css,44,css,051dce97,oneeljilc,2025-10-09,22:26:14,-06:00,2025-10-09T22:26:14-06:00,0,0
style.css,45,css,051dce97,oneeljilc,2025-10-09,22:26:14,-06:00,2025-10-09T22:26:14-06:00,0,0
style.css,46,css,051dce97,oneeljilc,2025-10-09,22:26:14,-06:00,2025-10-09T22:26:14-06:00,0,11
style.css,47,css,051dce97,oneeljilc,2025-10-09,22:26:14,-06:00,2025-10-09T22:26:14-06:00,2,45
style.css,48,css,1fa04b9b,oneeljilc,2025-10-17,10:46:07,-06:00,2025-10-17T10:46:07-06:00,2,69
style.css,49,css,84ff4be0,oneeljilc,2025-10-10,20:49:32,-06:00,2025-10-10T20:49:32-06:00,0,0
style.css,50,css,84ff4be0,oneeljilc,2025-10-10,20:49:32,-06:00,2025-10-10T20:49:32-06:00,0,0
style.css,51,css,1dcb7434,oneeljilc,2025-10-10,22:59:30,-06:00,2025-10-10T22:59:30-06:00,0,23
style.css,52,css,f401e56e,oneeljilc,2025-10-10,21:03:28,-06:00,2025-10-10T21:03:28-06:00,0,4
style.css,53,css,f401e56e,oneeljilc,2025-10-10,21:03:28,-06:00,2025-10-10T21:03:28-06:00,2,12
style.css,54,css,1eeb775c,oneeljilc,2025-10-10,21:05:57,-06:00,2025-10-10T21:05:57-06:00,2,30
style.css,55,css,5d3b6e2a,oneeljilc,2025-10-10,23:49:08,-06:00,2025-10-10T23:49:08-06:00,2,13
style.css,56,css,536b517f,oneeljilc,2025-10-10,21:13:54,-06:00,2025-10-10T21:13:54-06:00,0,0
style.css,57,css,536b517f,oneeljilc,2025-10-10,21:13:54,-06:00,2025-10-10T21:13:54-06:00,0,0
style.css,58,css,536b517f,oneeljilc,2025-10-10,21:13:54,-06:00,2025-10-10T21:13:54-06:00,0,5
style.css,59,css,536b517f,oneeljilc,2025-10-10,21:13:54,-06:00,2025-10-10T21:13:54-06:00,2,12
style.css,60,css,536b517f,oneeljilc,2025-10-10,21:13:54,-06:00,2025-10-10T21:13:54-06:00,2,29
style.css,61,css,5d3b6e2a,oneeljilc,2025-10-10,23:49:08,-06:00,2025-10-10T23:49:08-06:00,2,18
style.css,62,css,f401e56e,oneeljilc,2025-10-10,21:03:28,-06:00,2025-10-10T21:03:28-06:00,0,0
style.css,63,css,f401e56e,oneeljilc,2025-10-10,21:03:28,-06:00,2025-10-10T21:03:28-06:00,0,0
style.css,64,css,5d3b6e2a,oneeljilc,2025-10-10,23:49:08,-06:00,2025-10-10T23:49:08-06:00,0,27
style.css,65,css,536b517f,oneeljilc,2025-10-10,21:13:54,-06:00,2025-10-10T21:13:54-06:00,2,12
style.css,66,css,5d3b6e2a,oneeljilc,2025-10-10,23:49:08,-06:00,2025-10-10T23:49:08-06:00,2,13
style.css,67,css,5d3b6e2a,oneeljilc,2025-10-10,23:49:08,-06:00,2025-10-10T23:49:08-06:00,2,10
style.css,68,css,536b517f,oneeljilc,2025-10-10,21:13:54,-06:00,2025-10-10T21:13:54-06:00,0,0
style.css,69,css,536b517f,oneeljilc,2025-10-10,21:13:54,-06:00,2025-10-10T21:13:54-06:00,0,0
style.css,70,css,536b517f,oneeljilc,2025-10-10,21:13:54,-06:00,2025-10-10T21:13:54-06:00,0,6
style.css,71,css,536b517f,oneeljilc,2025-10-10,21:13:54,-06:00,2025-10-10T21:13:54-06:00,2,18
style.css,72,css,5d3b6e2a,oneeljilc,2025-10-10,23:49:08,-06:00,2025-10-10T23:49:08-06:00,2,12
style.css,73,css,5d3b6e2a,oneeljilc,2025-10-10,23:49:08,-06:00,2025-10-10T23:49:08-06:00,2,10
style.css,74,css,bd0a5810,oneeljilc,2025-10-10,21:20:22,-06:00,2025-10-10T21:20:22-06:00,0,0
style.css,75,css,bd0a5810,oneeljilc,2025-10-10,21:20:22,-06:00,2025-10-10T21:20:22-06:00,0,0
style.css,76,css,bd0a5810,oneeljilc,2025-10-10,21:20:22,-06:00,2025-10-10T21:20:22-06:00,0,9
style.css,77,css,bd0a5810,oneeljilc,2025-10-10,21:20:22,-06:00,2025-10-10T21:20:22-06:00,2,12
style.css,78,css,bd0a5810,oneeljilc,2025-10-10,21:20:22,-06:00,2025-10-10T21:20:22-06:00,2,58
style.css,79,css,d4f6d2c6,oneeljilc,2025-10-10,21:25:30,-06:00,2025-10-10T21:25:30-06:00,2,7
style.css,80,css,d4f6d2c6,oneeljilc,2025-10-10,21:25:30,-06:00,2025-10-10T21:25:30-06:00,0,0
style.css,81,css,d4f6d2c6,oneeljilc,2025-10-10,21:25:30,-06:00,2025-10-10T21:25:30-06:00,0,0
style.css,82,css,d4f6d2c6,oneeljilc,2025-10-10,21:25:30,-06:00,2025-10-10T21:25:30-06:00,0,17
style.css,83,css,d4f6d2c6,oneeljilc,2025-10-10,21:25:30,-06:00,2025-10-10T21:25:30-06:00,2,12
style.css,84,css,d4f6d2c6,oneeljilc,2025-10-10,21:25:30,-06:00,2025-10-10T21:25:30-06:00,2,26
style.css,85,css,d4f6d2c6,oneeljilc,2025-10-10,21:25:30,-06:00,2025-10-10T21:25:30-06:00,2,15
style.css,86,css,d4f6d2c6,oneeljilc,2025-10-10,21:25:30,-06:00,2025-10-10T21:25:30-06:00,0,0
style.css,87,css,d4f6d2c6,oneeljilc,2025-10-10,21:25:30,-06:00,2025-10-10T21:25:30-06:00,0,0
style.css,88,css,d4f6d2c6,oneeljilc,2025-10-10,21:25:30,-06:00,2025-10-10T21:25:30-06:00,0,20
style.css,89,css,d4f6d2c6,oneeljilc,2025-10-10,21:25:30,-06:00,2025-10-10T21:25:30-06:00,2,8
style.css,90,css,851bc66f,oneeljilc,2025-10-10,21:31:35,-06:00,2025-10-10T21:31:35-06:00,0,0
style.css,91,css,851bc66f,oneeljilc,2025-10-10,21:31:35,-06:00,2025-10-10T21:31:35-06:00,0,0
style.css,92,css,851bc66f,oneeljilc,2025-10-10,21:31:35,-06:00,2025-10-10T21:31:35-06:00,0,1
style.css,93,css,851bc66f,oneeljilc,2025-10-10,21:31:35,-06:00,2025-10-10T21:31:35-06:00,0,1
style.css,94,css,851bc66f,oneeljilc,2025-10-10,21:31:35,-06:00,2025-10-10T21:31:35-06:00,0,1
style.css,95,css,851bc66f,oneeljilc,2025-10-10,21:31:35,-06:00,2025-10-10T21:31:35-06:00,0,1
style.css,96,css,851bc66f,oneeljilc,2025-10-10,21:31:35,-06:00,2025-10-10T21:31:35-06:00,0,1
style.css,97,css,851bc66f,oneeljilc,2025-10-10,21:31:35,-06:00,2025-10-10T21:31:35-06:00,0,2
style.css,98,css,851bc66f,oneeljilc,2025-10-10,21:31:35,-06:00,2025-10-10T21:31:35-06:00,2,15
style.css,99,css,851bc66f,oneeljilc,2025-10-10,21:31:35,-06:00,2025-10-10T21:31:35-06:00,2,17
style.css,100,css,851bc66f,oneeljilc,2025-10-10,21:31:35,-06:00,2025-10-10T21:31:35-06:00,2,12
style.css,101,css,851bc66f,oneeljilc,2025-10-10,21:31:35,-06:00,2025-10-10T21:31:35-06:00,2,19
style.css,102,css,851bc66f,oneeljilc,2025-10-10,21:31:35,-06:00,2025-10-10T21:31:35-06:00,0,0
style.css,103,css,851bc66f,oneeljilc,2025-10-10,21:31:35,-06:00,2025-10-10T21:31:35-06:00,0,0
style.css,104,css,851bc66f,oneeljilc,2025-10-10,21:31:35,-06:00,2025-10-10T21:31:35-06:00,0,2
style.css,105,css,c00dcfdd,oneeljilc,2025-10-10,22:12:52,-06:00,2025-10-10T22:12:52-06:00,2,14
style.css,106,css,851bc66f,oneeljilc,2025-10-10,21:31:35,-06:00,2025-10-10T21:31:35-06:00,0,0
style.css,107,css,851bc66f,oneeljilc,2025-10-10,21:31:35,-06:00,2025-10-10T21:31:35-06:00,0,0
style.css,108,css,851bc66f,oneeljilc,2025-10-10,21:31:35,-06:00,2025-10-10T21:31:35-06:00,0,2
style.css,109,css,851bc66f,oneeljilc,2025-10-10,21:31:35,-06:00,2025-10-10T21:31:35-06:00,2,14
style.css,110,css,851bc66f,oneeljilc,2025-10-10,21:31:35,-06:00,2025-10-10T21:31:35-06:00,0,0
style.css,111,css,851bc66f,oneeljilc,2025-10-10,21:31:35,-06:00,2025-10-10T21:31:35-06:00,0,0
style.css,112,css,851bc66f,oneeljilc,2025-10-10,21:31:35,-06:00,2025-10-10T21:31:35-06:00,0,2
style.css,113,css,851bc66f,oneeljilc,2025-10-10,21:31:35,-06:00,2025-10-10T21:31:35-06:00,2,14
style.css,114,css,851bc66f,oneeljilc,2025-10-10,21:31:35,-06:00,2025-10-10T21:31:35-06:00,0,0
style.css,115,css,851bc66f,oneeljilc,2025-10-10,21:31:35,-06:00,2025-10-10T21:31:35-06:00,0,0
style.css,116,css,851bc66f,oneeljilc,2025-10-10,21:31:35,-06:00,2025-10-10T21:31:35-06:00,0,2
style.css,117,css,851bc66f,oneeljilc,2025-10-10,21:31:35,-06:00,2025-10-10T21:31:35-06:00,2,14
style.css,118,css,851bc66f,oneeljilc,2025-10-10,21:31:35,-06:00,2025-10-10T21:31:35-06:00,0,0
style.css,119,css,851bc66f,oneeljilc,2025-10-10,21:31:35,-06:00,2025-10-10T21:31:35-06:00,0,0
style.css,120,css,851bc66f,oneeljilc,2025-10-10,21:31:35,-06:00,2025-10-10T21:31:35-06:00,0,2
style.css,121,css,851bc66f,oneeljilc,2025-10-10,21:31:35,-06:00,2025-10-10T21:31:35-06:00,2,14
style.css,122,css,851bc66f,oneeljilc,2025-10-10,21:31:35,-06:00,2025-10-10T21:31:35-06:00,0,0
style.css,123,css,851bc66f,oneeljilc,2025-10-10,21:31:35,-06:00,2025-10-10T21:31:35-06:00,0,0
style.css,124,css,851bc66f,oneeljilc,2025-10-10,21:31:35,-06:00,2025-10-10T21:31:35-06:00,0,2
style.css,125,css,851bc66f,oneeljilc,2025-10-10,21:31:35,-06:00,2025-10-10T21:31:35-06:00,2,13
style.css,126,css,1dcb7434,oneeljilc,2025-10-10,22:59:30,-06:00,2025-10-10T22:59:30-06:00,0,0
style.css,127,css,1dcb7434,oneeljilc,2025-10-10,22:59:30,-06:00,2025-10-10T22:59:30-06:00,0,0
style.css,128,css,afb41d34,oneeljilc,2025-10-10,23:37:19,-06:00,2025-10-10T23:37:19-06:00,0,19
style.css,129,css,1dcb7434,oneeljilc,2025-10-10,22:59:30,-06:00,2025-10-10T22:59:30-06:00,0,10
style.css,130,css,1dcb7434,oneeljilc,2025-10-10,22:59:30,-06:00,2025-10-10T22:59:30-06:00,1,20
style.css,131,css,1dcb7434,oneeljilc,2025-10-10,22:59:30,-06:00,2025-10-10T22:59:30-06:00,1,18
style.css,132,css,1dcb7434,oneeljilc,2025-10-10,22:59:30,-06:00,2025-10-10T22:59:30-06:00,0,0
style.css,133,css,1dcb7434,oneeljilc,2025-10-10,22:59:30,-06:00,2025-10-10T22:59:30-06:00,0,0
style.css,134,css,1dcb7434,oneeljilc,2025-10-10,22:59:30,-06:00,2025-10-10T22:59:30-06:00,0,13
style.css,135,css,1dcb7434,oneeljilc,2025-10-10,22:59:30,-06:00,2025-10-10T22:59:30-06:00,1,20
style.css,136,css,1dcb7434,oneeljilc,2025-10-10,22:59:30,-06:00,2025-10-10T22:59:30-06:00,0,0
style.css,137,css,1dcb7434,oneeljilc,2025-10-10,22:59:30,-06:00,2025-10-10T22:59:30-06:00,0,0
style.css,138,css,1dcb7434,oneeljilc,2025-10-10,22:59:30,-06:00,2025-10-10T22:59:30-06:00,0,12
style.css,139,css,1dcb7434,oneeljilc,2025-10-10,22:59:30,-06:00,2025-10-10T22:59:30-06:00,1,8
style.css,140,css,1dcb7434,oneeljilc,2025-10-10,22:59:30,-06:00,2025-10-10T22:59:30-06:00,1,14
style.css,141,css,1dcb7434,oneeljilc,2025-10-10,22:59:30,-06:00,2025-10-10T22:59:30-06:00,1,20
style.css,142,css,1dcb7434,oneeljilc,2025-10-10,22:59:30,-06:00,2025-10-10T22:59:30-06:00,0,0
style.css,143,css,1dcb7434,oneeljilc,2025-10-10,22:59:30,-06:00,2025-10-10T22:59:30-06:00,0,0
style.css,144,css,afb41d34,oneeljilc,2025-10-10,23:37:19,-06:00,2025-10-10T23:37:19-06:00,0,21
style.css,145,css,1dcb7434,oneeljilc,2025-10-10,22:59:30,-06:00,2025-10-10T22:59:30-06:00,0,11
style.css,146,css,1dcb7434,oneeljilc,2025-10-10,22:59:30,-06:00,2025-10-10T22:59:30-06:00,1,17
style.css,147,css,1dcb7434,oneeljilc,2025-10-10,22:59:30,-06:00,2025-10-10T22:59:30-06:00,0,0
style.css,148,css,1dcb7434,oneeljilc,2025-10-10,22:59:30,-06:00,2025-10-10T22:59:30-06:00,0,0
style.css,149,css,1dcb7434,oneeljilc,2025-10-10,22:59:30,-06:00,2025-10-10T22:59:30-06:00,0,14
style.css,150,css,1dcb7434,oneeljilc,2025-10-10,22:59:30,-06:00,2025-10-10T22:59:30-06:00,1,43
style.css,151,css,1dcb7434,oneeljilc,2025-10-10,22:59:30,-06:00,2025-10-10T22:59:30-06:00,1,21
style.css,152,css,1dcb7434,oneeljilc,2025-10-10,22:59:30,-06:00,2025-10-10T22:59:30-06:00,1,18
style.css,153,css,1dcb7434,oneeljilc,2025-10-10,22:59:30,-06:00,2025-10-10T22:59:30-06:00,0,0
style.css,154,css,1dcb7434,oneeljilc,2025-10-10,22:59:30,-06:00,2025-10-10T22:59:30-06:00,0,0
style.css,155,css,afb41d34,oneeljilc,2025-10-10,23:37:19,-06:00,2025-10-10T23:37:19-06:00,0,22
style.css,156,css,1dcb7434,oneeljilc,2025-10-10,22:59:30,-06:00,2025-10-10T22:59:30-06:00,0,2
style.css,157,css,1dcb7434,oneeljilc,2025-10-10,22:59:30,-06:00,2025-10-10T22:59:30-06:00,1,8
style.css,158,css,1dcb7434,oneeljilc,2025-10-10,22:59:30,-06:00,2025-10-10T22:59:30-06:00,0,0
style.css,159,css,1dcb7434,oneeljilc,2025-10-10,22:59:30,-06:00,2025-10-10T22:59:30-06:00,0,0
style.css,160,css,1dcb7434,oneeljilc,2025-10-10,22:59:30,-06:00,2025-10-10T22:59:30-06:00,0,2
style.css,161,css,1dcb7434,oneeljilc,2025-10-10,22:59:30,-06:00,2025-10-10T22:59:30-06:00,1,15
style.css,162,css,1dcb7434,oneeljilc,2025-10-10,22:59:30,-06:00,2025-10-10T22:59:30-06:00,0,0
style.css,163,css,1dcb7434,oneeljilc,2025-10-10,22:59:30,-06:00,2025-10-10T22:59:30-06:00,0,0
style.css,164,css,1dcb7434,oneeljilc,2025-10-10,22:59:30,-06:00,2025-10-10T22:59:30-06:00,0,2
style.css,165,css,1dcb7434,oneeljilc,2025-10-10,22:59:30,-06:00,2025-10-10T22:59:30-06:00,1,17
style.css,166,css,1dcb7434,oneeljilc,2025-10-10,22:59:30,-06:00,2025-10-10T22:59:30-06:00,1,20
style.css,167,css,1dcb7434,oneeljilc,2025-10-10,22:59:30,-06:00,2025-10-10T22:59:30-06:00,0,0
style.css,168,css,1dcb7434,oneeljilc,2025-10-10,22:59:30,-06:00,2025-10-10T22:59:30-06:00,0,0
style.css,169,css,afb41d34,oneeljilc,2025-10-10,23:37:19,-06:00,2025-10-10T23:37:19-06:00,0,23
style.css,170,css,1dcb7434,oneeljilc,2025-10-10,22:59:30,-06:00,2025-10-10T22:59:30-06:00,0,14
style.css,171,css,1dcb7434,oneeljilc,2025-10-10,22:59:30,-06:00,2025-10-10T22:59:30-06:00,1,15
style.css,172,css,1dcb7434,oneeljilc,2025-10-10,22:59:30,-06:00,2025-10-10T22:59:30-06:00,0,0
style.css,173,css,1dcb7434,oneeljilc,2025-10-10,22:59:30,-06:00,2025-10-10T22:59:30-06:00,0,0
style.css,174,css,1dcb7434,oneeljilc,2025-10-10,22:59:30,-06:00,2025-10-10T22:59:30-06:00,0,9
style.css,175,css,1dcb7434,oneeljilc,2025-10-10,22:59:30,-06:00,2025-10-10T22:59:30-06:00,1,16
style.css,176,css,1dcb7434,oneeljilc,2025-10-10,22:59:30,-06:00,2025-10-10T22:59:30-06:00,1,20
style.css,177,css,1dcb7434,oneeljilc,2025-10-10,22:59:30,-06:00,2025-10-10T22:59:30-06:00,1,18
style.css,178,css,1dcb7434,oneeljilc,2025-10-10,22:59:30,-06:00,2025-10-10T22:59:30-06:00,0,0
style.css,179,css,1dcb7434,oneeljilc,2025-10-10,22:59:30,-06:00,2025-10-10T22:59:30-06:00,0,0
style.css,180,css,1dcb7434,oneeljilc,2025-10-10,22:59:30,-06:00,2025-10-10T22:59:30-06:00,0,19
style.css,181,css,1dcb7434,oneeljilc,2025-10-10,22:59:30,-06:00,2025-10-10T22:59:30-06:00,1,20
style.css,182,css,1dcb7434,oneeljilc,2025-10-10,22:59:30,-06:00,2025-10-10T22:59:30-06:00,0,0
style.css,183,css,1dcb7434,oneeljilc,2025-10-10,22:59:30,-06:00,2025-10-10T22:59:30-06:00,0,0
style.css,184,css,1dcb7434,oneeljilc,2025-10-10,22:59:30,-06:00,2025-10-10T22:59:30-06:00,0,14
style.css,185,css,1dcb7434,oneeljilc,2025-10-10,22:59:30,-06:00,2025-10-10T22:59:30-06:00,1,19
style.css,186,css,1dcb7434,oneeljilc,2025-10-10,22:59:30,-06:00,2025-10-10T22:59:30-06:00,1,12
style.css,187,css,1dcb7434,oneeljilc,2025-10-10,22:59:30,-06:00,2025-10-10T22:59:30-06:00,1,29
style.css,188,css,1dcb7434,oneeljilc,2025-10-10,22:59:30,-06:00,2025-10-10T22:59:30-06:00,1,16
style.css,189,css,1dcb7434,oneeljilc,2025-10-10,22:59:30,-06:00,2025-10-10T22:59:30-06:00,0,0
style.css,190,css,1dcb7434,oneeljilc,2025-10-10,22:59:30,-06:00,2025-10-10T22:59:30-06:00,0,0
style.css,191,css,1dcb7434,oneeljilc,2025-10-10,22:59:30,-06:00,2025-10-10T22:59:30-06:00,0,11
style.css,192,css,1dcb7434,oneeljilc,2025-10-10,22:59:30,-06:00,2025-10-10T22:59:30-06:00,1,18
style.css,193,css,1dcb7434,oneeljilc,2025-10-10,22:59:30,-06:00,2025-10-10T22:59:30-06:00,1,20
style.css,194,css,1dcb7434,oneeljilc,2025-10-10,22:59:30,-06:00,2025-10-10T22:59:30-06:00,0,0
style.css,195,css,1dcb7434,oneeljilc,2025-10-10,22:59:30,-06:00,2025-10-10T22:59:30-06:00,0,0
style.css,196,css,1dcb7434,oneeljilc,2025-10-10,22:59:30,-06:00,2025-10-10T22:59:30-06:00,0,14
style.css,197,css,1dcb7434,oneeljilc,2025-10-10,22:59:30,-06:00,2025-10-10T22:59:30-06:00,1,8
style.css,198,css,1dcb7434,oneeljilc,2025-10-10,22:59:30,-06:00,2025-10-10T22:59:30-06:00,1,18
style.css,199,css,1dcb7434,oneeljilc,2025-10-10,22:59:30,-06:00,2025-10-10T22:59:30-06:00,0,0
style.css,200,css,1dcb7434,oneeljilc,2025-10-10,22:59:30,-06:00,2025-10-10T22:59:30-06:00,0,0
style.css,201,css,afb41d34,oneeljilc,2025-10-10,23:37:19,-06:00,2025-10-10T23:37:19-06:00,0,25
style.css,202,css,1dcb7434,oneeljilc,2025-10-10,22:59:30,-06:00,2025-10-10T22:59:30-06:00,0,9
style.css,203,css,1dcb7434,oneeljilc,2025-10-10,22:59:30,-06:00,2025-10-10T22:59:30-06:00,1,15
style.css,204,css,1dcb7434,oneeljilc,2025-10-10,22:59:30,-06:00,2025-10-10T22:59:30-06:00,1,9
style.css,205,css,1dcb7434,oneeljilc,2025-10-10,22:59:30,-06:00,2025-10-10T22:59:30-06:00,1,8
style.css,206,css,1dcb7434,oneeljilc,2025-10-10,22:59:30,-06:00,2025-10-10T22:59:30-06:00,0,0
style.css,207,css,1dcb7434,oneeljilc,2025-10-10,22:59:30,-06:00,2025-10-10T22:59:30-06:00,0,0
style.css,208,css,1dcb7434,oneeljilc,2025-10-10,22:59:30,-06:00,2025-10-10T22:59:30-06:00,0,12
style.css,209,css,1dcb7434,oneeljilc,2025-10-10,22:59:30,-06:00,2025-10-10T22:59:30-06:00,1,21
style.css,210,css,1dcb7434,oneeljilc,2025-10-10,22:59:30,-06:00,2025-10-10T22:59:30-06:00,0,0
style.css,211,css,1dcb7434,oneeljilc,2025-10-10,22:59:30,-06:00,2025-10-10T22:59:30-06:00,0,0
style.css,212,css,1dcb7434,oneeljilc,2025-10-10,22:59:30,-06:00,2025-10-10T22:59:30-06:00,0,11
style.css,213,css,1dcb7434,oneeljilc,2025-10-10,22:59:30,-06:00,2025-10-10T22:59:30-06:00,1,25
style.css,214,css,1dcb7434,oneeljilc,2025-10-10,22:59:30,-06:00,2025-10-10T22:59:30-06:00,1,20
style.css,215,css,1dcb7434,oneeljilc,2025-10-10,22:59:30,-06:00,2025-10-10T22:59:30-06:00,0,0
style.css,216,css,1dcb7434,oneeljilc,2025-10-10,22:59:30,-06:00,2025-10-10T22:59:30-06:00,0,0
style.css,217,css,1dcb7434,oneeljilc,2025-10-10,22:59:30,-06:00,2025-10-10T22:59:30-06:00,0,17
style.css,218,css,1dcb7434,oneeljilc,2025-10-10,22:59:30,-06:00,2025-10-10T22:59:30-06:00,1,25
style.css,219,css,1dcb7434,oneeljilc,2025-10-10,22:59:30,-06:00,2025-10-10T22:59:30-06:00,0,0
style.css,220,css,1dcb7434,oneeljilc,2025-10-10,22:59:30,-06:00,2025-10-10T22:59:30-06:00,0,0
style.css,221,css,afb41d34,oneeljilc,2025-10-10,23:37:19,-06:00,2025-10-10T23:37:19-06:00,0,19
style.css,222,css,1dcb7434,oneeljilc,2025-10-10,22:59:30,-06:00,2025-10-10T22:59:30-06:00,0,12
style.css,223,css,1dcb7434,oneeljilc,2025-10-10,22:59:30,-06:00,2025-10-10T22:59:30-06:00,1,12
style.css,224,css,1dcb7434,oneeljilc,2025-10-10,22:59:30,-06:00,2025-10-10T22:59:30-06:00,1,14
style.css,225,css,1dcb7434,oneeljilc,2025-10-10,22:59:30,-06:00,2025-10-10T22:59:30-06:00,1,15
style.css,226,css,1dcb7434,oneeljilc,2025-10-10,22:59:30,-06:00,2025-10-10T22:59:30-06:00,1,15
style.css,227,css,1dcb7434,oneeljilc,2025-10-10,22:59:30,-06:00,2025-10-10T22:59:30-06:00,1,9
style.css,228,css,1dcb7434,oneeljilc,2025-10-10,22:59:30,-06:00,2025-10-10T22:59:30-06:00,0,0
style.css,229,css,1dcb7434,oneeljilc,2025-10-10,22:59:30,-06:00,2025-10-10T22:59:30-06:00,0,0
style.css,230,css,1dcb7434,oneeljilc,2025-10-10,22:59:30,-06:00,2025-10-10T22:59:30-06:00,0,15
style.css,231,css,1dcb7434,oneeljilc,2025-10-10,22:59:30,-06:00,2025-10-10T22:59:30-06:00,1,30
style.css,232,css,1dcb7434,oneeljilc,2025-10-10,22:59:30,-06:00,2025-10-10T22:59:30-06:00,1,21
style.css,233,css,1dcb7434,oneeljilc,2025-10-10,22:59:30,-06:00,2025-10-10T22:59:30-06:00,1,20
style.css,234,css,1dcb7434,oneeljilc,2025-10-10,22:59:30,-06:00,2025-10-10T22:59:30-06:00,1,17
style.css,235,css,38c9ad58,oneeljilc,2025-10-17,13:23:46,-06:00,2025-10-17T13:23:46-06:00,0,0
style.css,236,css,38c9ad58,oneeljilc,2025-10-17,13:23:46,-06:00,2025-10-17T13:23:46-06:00,0,0
style.css,237,css,38c9ad58,oneeljilc,2025-10-17,13:23:46,-06:00,2025-10-17T13:23:46-06:00,0,22
style.css,238,css,38c9ad58,oneeljilc,2025-10-17,13:23:46,-06:00,2025-10-17T13:23:46-06:00,0,13
style.css,239,css,38c9ad58,oneeljilc,2025-10-17,13:23:46,-06:00,2025-10-17T13:23:46-06:00,1,17
style.css,240,css,38c9ad58,oneeljilc,2025-10-17,13:23:46,-06:00,2025-10-17T13:23:46-06:00,1,8
style.css,241,css,38c9ad58,oneeljilc,2025-10-17,13:23:46,-06:00,2025-10-17T13:23:46-06:00,1,10
style.css,242,css,38c9ad58,oneeljilc,2025-10-17,13:23:46,-06:00,2025-10-17T13:23:46-06:00,1,13
style.css,243,css,38c9ad58,oneeljilc,2025-10-17,13:23:46,-06:00,2025-10-17T13:23:46-06:00,1,19
style.css,244,css,20cdff64,oneeljilc,2025-10-18,21:29:18,-06:00,2025-10-18T21:29:18-06:00,0,0
style.css,245,css,20cdff64,oneeljilc,2025-10-18,21:29:18,-06:00,2025-10-18T21:29:18-06:00,0,0
style.css,246,css,20cdff64,oneeljilc,2025-10-18,21:29:18,-06:00,2025-10-18T21:29:18-06:00,0,18
style.css,247,css,20cdff64,oneeljilc,2025-10-18,21:29:18,-06:00,2025-10-18T21:29:18-06:00,0,17
style.css,248,css,20cdff64,oneeljilc,2025-10-18,21:29:18,-06:00,2025-10-18T21:29:18-06:00,1,12
style.css,249,css,b0551da3,oneeljilc,2025-10-18,22:05:29,-06:00,2025-10-18T22:05:29-06:00,1,36
style.css,250,css,20cdff64,oneeljilc,2025-10-18,21:29:18,-06:00,2025-10-18T21:29:18-06:00,1,9
style.css,251,css,20cdff64,oneeljilc,2025-10-18,21:29:18,-06:00,2025-10-18T21:29:18-06:00,1,17
style.css,252,css,20cdff64,oneeljilc,2025-10-18,21:29:18,-06:00,2025-10-18T21:29:18-06:00,0,0
style.css,253,css,20cdff64,oneeljilc,2025-10-18,21:29:18,-06:00,2025-10-18T21:29:18-06:00,0,0
style.css,254,css,20cdff64,oneeljilc,2025-10-18,21:29:18,-06:00,2025-10-18T21:29:18-06:00,0,17
style.css,255,css,20cdff64,oneeljilc,2025-10-18,21:29:18,-06:00,2025-10-18T21:29:18-06:00,1,10
style.css,256,css,20cdff64,oneeljilc,2025-10-18,21:29:18,-06:00,2025-10-18T21:29:18-06:00,1,15
style.css,257,css,b0551da3,oneeljilc,2025-10-18,22:05:29,-06:00,2025-10-18T22:05:29-06:00,1,47
style.css,258,css,20cdff64,oneeljilc,2025-10-18,21:29:18,-06:00,2025-10-18T21:29:18-06:00,0,0
style.css,259,css,20cdff64,oneeljilc,2025-10-18,21:29:18,-06:00,2025-10-18T21:29:18-06:00,0,0
style.css,260,css,20cdff64,oneeljilc,2025-10-18,21:29:18,-06:00,2025-10-18T21:29:18-06:00,0,17
style.css,261,css,20cdff64,oneeljilc,2025-10-18,21:29:18,-06:00,2025-10-18T21:29:18-06:00,1,10
style.css,262,css,20cdff64,oneeljilc,2025-10-18,21:29:18,-06:00,2025-10-18T21:29:18-06:00,1,8
style.css,263,css,20cdff64,oneeljilc,2025-10-18,21:29:18,-06:00,2025-10-18T21:29:18-06:00,1,15
style.css,264,css,b0551da3,oneeljilc,2025-10-18,22:05:29,-06:00,2025-10-18T22:05:29-06:00,1,47
style.css,265,css,20cdff64,oneeljilc,2025-10-18,21:29:18,-06:00,2025-10-18T21:29:18-06:00,0,0
style.css,266,css,b0551da3,oneeljilc,2025-10-18,22:05:29,-06:00,2025-10-18T22:05:29-06:00,0,0
style.css,267,css,b0551da3,oneeljilc,2025-10-18,22:05:29,-06:00,2025-10-18T22:05:29-06:00,0,16
style.css,268,css,b0551da3,oneeljilc,2025-10-18,22:05:29,-06:00,2025-10-18T22:05:29-06:00,1,17
style.css,269,css,b0551da3,oneeljilc,2025-10-18,22:05:29,-06:00,2025-10-18T22:05:29-06:00,0,0
style.css,270,css,b0551da3,oneeljilc,2025-10-18,22:05:29,-06:00,2025-10-18T22:05:29-06:00,0,0
style.css,271,css,c2933ed5,oneeljilc,2025-10-18,22:09:29,-06:00,2025-10-18T22:09:29-06:00,0,13
style.css,272,css,c2933ed5,oneeljilc,2025-10-18,22:09:29,-06:00,2025-10-18T22:09:29-06:00,1,64
style.css,273,css,c2933ed5,oneeljilc,2025-10-18,22:09:29,-06:00,2025-10-18T22:09:29-06:00,1,62
style.css,274,css,c2933ed5,oneeljilc,2025-10-18,22:09:29,-06:00,2025-10-18T22:09:29-06:00,1,18
style.css,275,css,c2933ed5,oneeljilc,2025-10-18,22:09:29,-06:00,2025-10-18T22:09:29-06:00,1,13
style.css,276,css,c2933ed5,oneeljilc,2025-10-18,22:09:29,-06:00,2025-10-18T22:09:29-06:00,1,15
style.css,277,css,c2933ed5,oneeljilc,2025-10-18,22:09:29,-06:00,2025-10-18T22:09:29-06:00,1,15
style.css,278,css,c2933ed5,oneeljilc,2025-10-18,22:09:29,-06:00,2025-10-18T22:09:29-06:00,1,36
style.css,279,css,c2933ed5,oneeljilc,2025-10-18,22:09:29,-06:00,2025-10-18T22:09:29-06:00,0,0
style.css,280,css,c2933ed5,oneeljilc,2025-10-18,22:09:29,-06:00,2025-10-18T22:09:29-06:00,0,0
style.css,281,css,0cbc47aa,oneeljilc,2025-10-18,21:54:55,-06:00,2025-10-18T21:54:55-06:00,0,28
style.css,282,css,0cbc47aa,oneeljilc,2025-10-18,21:54:55,-06:00,2025-10-18T21:54:55-06:00,0,12
style.css,283,css,0cbc47aa,oneeljilc,2025-10-18,21:54:55,-06:00,2025-10-18T21:54:55-06:00,1,10
style.css,284,css,0cbc47aa,oneeljilc,2025-10-18,21:54:55,-06:00,2025-10-18T21:54:55-06:00,1,20
style.css,285,css,0cbc47aa,oneeljilc,2025-10-18,21:54:55,-06:00,2025-10-18T21:54:55-06:00,1,11
style.css,286,css,0cbc47aa,oneeljilc,2025-10-18,21:54:55,-06:00,2025-10-18T21:54:55-06:00,1,11
style.css,287,css,0cbc47aa,oneeljilc,2025-10-18,21:54:55,-06:00,2025-10-18T21:54:55-06:00,1,17
style.css,288,css,0cbc47aa,oneeljilc,2025-10-18,21:54:55,-06:00,2025-10-18T21:54:55-06:00,0,0
style.css,289,css,20cdff64,oneeljilc,2025-10-18,21:29:18,-06:00,2025-10-18T21:29:18-06:00,0,0
style.css,290,css,0cbc47aa,oneeljilc,2025-10-18,21:54:55,-06:00,2025-10-18T21:54:55-06:00,0,6
style.css,291,css,0cbc47aa,oneeljilc,2025-10-18,21:54:55,-06:00,2025-10-18T21:54:55-06:00,1,18
style.css,292,css,0cbc47aa,oneeljilc,2025-10-18,21:54:55,-06:00,2025-10-18T21:54:55-06:00,1,15
style.css,293,css,0cbc47aa,oneeljilc,2025-10-18,21:54:55,-06:00,2025-10-18T21:54:55-06:00,0,0
style.css,294,css,1cbdf0c4,oneeljilc,2025-10-27,21:12:55,-06:00,2025-10-27T21:12:55-06:00,0,0
style.css,295,css,1cbdf0c4,oneeljilc,2025-10-27,21:12:55,-06:00,2025-10-27T21:12:55-06:00,0,17
style.css,296,css,1cbdf0c4,oneeljilc,2025-10-27,21:12:55,-06:00,2025-10-27T21:12:55-06:00,0,18
style.css,297,css,1cbdf0c4,oneeljilc,2025-10-27,21:12:55,-06:00,2025-10-27T21:12:55-06:00,1,14
style.css,298,css,1cbdf0c4,oneeljilc,2025-10-27,21:12:55,-06:00,2025-10-27T21:12:55-06:00,1,16
style.css,299,css,1cbdf0c4,oneeljilc,2025-10-27,21:12:55,-06:00,2025-10-27T21:12:55-06:00,0,0
style.css,300,css,1cbdf0c4,oneeljilc,2025-10-27,21:12:55,-06:00,2025-10-27T21:12:55-06:00,1,16
style.css,301,css,a1b624b8,oneeljilc,2025-10-27,22:20:08,-06:00,2025-10-27T22:20:08-06:00,0,0
style.css,302,css,a1b624b8,oneeljilc,2025-10-27,22:20:08,-06:00,2025-10-27T22:20:08-06:00,0,0
style.css,303,css,a1b624b8,oneeljilc,2025-10-27,22:20:08,-06:00,2025-10-27T22:20:08-06:00,0,30
style.css,304,css,a1b624b8,oneeljilc,2025-10-27,22:20:08,-06:00,2025-10-27T22:20:08-06:00,0,38
style.css,305,css,a1b624b8,oneeljilc,2025-10-27,22:20:08,-06:00,2025-10-27T22:20:08-06:00,0,7
style.css,306,css,a1b624b8,oneeljilc,2025-10-27,22:20:08,-06:00,2025-10-27T22:20:08-06:00,1,12
style.css,307,css,a1b624b8,oneeljilc,2025-10-27,22:20:08,-06:00,2025-10-27T22:20:08-06:00,1,79
style.css,308,css,a1b624b8,oneeljilc,2025-10-27,22:20:08,-06:00,2025-10-27T22:20:08-06:00,1,66
style.css,309,css,a1b624b8,oneeljilc,2025-10-27,22:20:08,-06:00,2025-10-27T22:20:08-06:00,1,11
style.css,310,css,a1b624b8,oneeljilc,2025-10-27,22:20:08,-06:00,2025-10-27T22:20:08-06:00,1,14
style.css,311,css,a1b624b8,oneeljilc,2025-10-27,22:20:08,-06:00,2025-10-27T22:20:08-06:00,1,46
style.css,312,css,a1b624b8,oneeljilc,2025-10-27,22:20:08,-06:00,2025-10-27T22:20:08-06:00,1,19
style.css,313,css,a1b624b8,oneeljilc,2025-10-27,22:20:08,-06:00,2025-10-27T22:20:08-06:00,1,43
style.css,314,css,a1b624b8,oneeljilc,2025-10-27,22:20:08,-06:00,2025-10-27T22:20:08-06:00,1,52
style.css,315,css,7af6192e,oneeljilc,2025-10-27,22:30:11,-06:00,2025-10-27T22:30:11-06:00,1,6
style.css,316,css,7af6192e,oneeljilc,2025-10-27,22:30:11,-06:00,2025-10-27T22:30:11-06:00,1,17
style.css,317,css,a1b624b8,oneeljilc,2025-10-27,22:20:08,-06:00,2025-10-27T22:20:08-06:00,0,0
style.css,318,css,a1b624b8,oneeljilc,2025-10-27,22:20:08,-06:00,2025-10-27T22:20:08-06:00,0,33
style.css,319,css,a1b624b8,oneeljilc,2025-10-27,22:20:08,-06:00,2025-10-27T22:20:08-06:00,0,12
style.css,320,css,a1b624b8,oneeljilc,2025-10-27,22:20:08,-06:00,2025-10-27T22:20:08-06:00,1,71
style.css,321,css,a1b624b8,oneeljilc,2025-10-27,22:20:08,-06:00,2025-10-27T22:20:08-06:00,1,71
style.css,322,css,a1b624b8,oneeljilc,2025-10-27,22:20:08,-06:00,2025-10-27T22:20:08-06:00,1,67
style.css,323,css,a1b624b8,oneeljilc,2025-10-27,22:20:08,-06:00,2025-10-27T22:20:08-06:00,1,16
style.css,324,css,a1b624b8,oneeljilc,2025-10-27,22:20:08,-06:00,2025-10-27T22:20:08-06:00,1,15
style.css,325,css,a1b624b8,oneeljilc,2025-10-27,22:20:08,-06:00,2025-10-27T22:20:08-06:00,0,0
style.css,326,css,a1b624b8,oneeljilc,2025-10-27,22:20:08,-06:00,2025-10-27T22:20:08-06:00,0,27
style.css,327,css,a1b624b8,oneeljilc,2025-10-27,22:20:08,-06:00,2025-10-27T22:20:08-06:00,0,20
style.css,328,css,a1b624b8,oneeljilc,2025-10-27,22:20:08,-06:00,2025-10-27T22:20:08-06:00,1,20
style.css,329,css,a1b624b8,oneeljilc,2025-10-27,22:20:08,-06:00,2025-10-27T22:20:08-06:00,1,9
style.css,330,css,a1b624b8,oneeljilc,2025-10-27,22:20:08,-06:00,2025-10-27T22:20:08-06:00,1,10
style.css,331,css,a1b624b8,oneeljilc,2025-10-27,22:20:08,-06:00,2025-10-27T22:20:08-06:00,1,60
style.css,332,css,a1b624b8,oneeljilc,2025-10-27,22:20:08,-06:00,2025-10-27T22:20:08-06:00,1,65
style.css,333,css,a1b624b8,oneeljilc,2025-10-27,22:20:08,-06:00,2025-10-27T22:20:08-06:00,1,62
style.css,334,css,a1b624b8,oneeljilc,2025-10-27,22:20:08,-06:00,2025-10-27T22:20:08-06:00,1,58
style.css,335,css,a1b624b8,oneeljilc,2025-10-27,22:20:08,-06:00,2025-10-27T22:20:08-06:00,1,57
style.css,336,css,a1b624b8,oneeljilc,2025-10-27,22:20:08,-06:00,2025-10-27T22:20:08-06:00,0,0
style.css,337,css,a1b624b8,oneeljilc,2025-10-27,22:20:08,-06:00,2025-10-27T22:20:08-06:00,0,23
style.css,338,css,a1b624b8,oneeljilc,2025-10-27,22:20:08,-06:00,2025-10-27T22:20:08-06:00,0,15
style.css,339,css,a1b624b8,oneeljilc,2025-10-27,22:20:08,-06:00,2025-10-27T22:20:08-06:00,1,17
style.css,340,css,a1b624b8,oneeljilc,2025-10-27,22:20:08,-06:00,2025-10-27T22:20:08-06:00,1,35
style.css,341,css,a1b624b8,oneeljilc,2025-10-27,22:20:08,-06:00,2025-10-27T22:20:08-06:00,1,15
style.css,342,css,a1b624b8,oneeljilc,2025-10-27,22:20:08,-06:00,2025-10-27T22:20:08-06:00,0,0
style.css,343,css,7af6192e,oneeljilc,2025-10-27,22:30:11,-06:00,2025-10-27T22:30:11-06:00,0,0
style.css,344,css,7af6192e,oneeljilc,2025-10-27,22:30:11,-06:00,2025-10-27T22:30:11-06:00,0,16
style.css,345,css,7af6192e,oneeljilc,2025-10-27,22:30:11,-06:00,2025-10-27T22:30:11-06:00,0,16
style.css,346,css,7af6192e,oneeljilc,2025-10-27,22:30:11,-06:00,2025-10-27T22:30:11-06:00,1,12
style.css,347,css,7af6192e,oneeljilc,2025-10-27,22:30:11,-06:00,2025-10-27T22:30:11-06:00,1,22
style.css,348,css,7af6192e,oneeljilc,2025-10-27,22:30:11,-06:00,2025-10-27T22:30:11-06:00,1,22
style.css,349,css,7af6192e,oneeljilc,2025-10-27,22:30:11,-06:00,2025-10-27T22:30:11-06:00,1,7
style.css,350,css,7af6192e,oneeljilc,2025-10-27,22:30:11,-06:00,2025-10-27T22:30:11-06:00,1,14
style.css,351,css,7af6192e,oneeljilc,2025-10-27,22:30:11,-06:00,2025-10-27T22:30:11-06:00,1,15
style.css,352,css,7af6192e,oneeljilc,2025-10-27,22:30:11,-06:00,2025-10-27T22:30:11-06:00,1,15
style.css,353,css,7af6192e,oneeljilc,2025-10-27,22:30:11,-06:00,2025-10-27T22:30:11-06:00,0,0
style.css,354,css,ecc0f61f,oneeljilc,2025-10-28,22:41:05,-06:00,2025-10-28T22:41:05-06:00,0,0
style.css,355,css,ecc0f61f,oneeljilc,2025-10-28,22:41:05,-06:00,2025-10-28T22:41:05-06:00,0,18
style.css,356,css,ecc0f61f,oneeljilc,2025-10-28,22:41:05,-06:00,2025-10-28T22:41:05-06:00,0,17
style.css,357,css,ecc0f61f,oneeljilc,2025-10-28,22:41:05,-06:00,2025-10-28T22:41:05-06:00,1,16
style.css,358,css,ecc0f61f,oneeljilc,2025-10-28,22:41:05,-06:00,2025-10-28T22:41:05-06:00,2,11
style.css,359,css,ecc0f61f,oneeljilc,2025-10-28,22:41:05,-06:00,2025-10-28T22:41:05-06:00,1,0
style.css,360,css,17e8db7b,oneeljilc,2025-10-28,22:43:13,-06:00,2025-10-28T22:43:13-06:00,0,0
style.css,361,css,17e8db7b,oneeljilc,2025-10-28,22:43:13,-06:00,2025-10-28T22:43:13-06:00,0,0
style.css,362,css,17e8db7b,oneeljilc,2025-10-28,22:43:13,-06:00,2025-10-28T22:43:13-06:00,0,4
style.css,363,css,17e8db7b,oneeljilc,2025-10-28,22:43:13,-06:00,2025-10-28T22:43:13-06:00,1,16
style.css,364,css,797878b5,oneeljilc,2025-10-29,21:14:32,-06:00,2025-10-29T21:14:32-06:00,0,0
style.css,365,css,797878b5,oneeljilc,2025-10-29,21:14:32,-06:00,2025-10-29T21:14:32-06:00,0,0
style.css,366,css,797878b5,oneeljilc,2025-10-29,21:14:32,-06:00,2025-10-29T21:14:32-06:00,0,9
style.css,367,css,c5d0bb69,oneeljilc,2025-10-29,21:37:31,-06:00,2025-10-29T21:37:31-06:00,1,49
style.css,368,css,797878b5,oneeljilc,2025-10-29,21:14:32,-06:00,2025-10-29T21:14:32-06:00,0,0
style.css,369,css,797878b5,oneeljilc,2025-10-29,21:14:32,-06:00,2025-10-29T21:14:32-06:00,1,10
style.css,370,css,797878b5,oneeljilc,2025-10-29,21:14:32,-06:00,2025-10-29T21:14:32-06:00,2,17
style.css,371,css,797878b5,oneeljilc,2025-10-29,21:14:32,-06:00,2025-10-29T21:14:32-06:00,1,0
style.css,372,css,ecc0f61f,oneeljilc,2025-10-28,22:41:05,-06:00,2025-10-28T22:41:05-06:00,0,0
index.js,1,js,f7555229,oneeljilc,2025-10-18,21:32:40,-06:00,2025-10-18T21:32:40-06:00,0,71
index.js,2,js,cdcce03d,oneeljilc,2025-10-18,20:58:46,-06:00,2025-10-18T20:58:46-06:00,0,0
index.js,3,js,cdcce03d,oneeljilc,2025-10-18,20:58:46,-06:00,2025-10-18T20:58:46-06:00,0,54
index.js,4,js,cdcce03d,oneeljilc,2025-10-18,20:58:46,-06:00,2025-10-18T20:58:46-06:00,0,42
index.js,5,js,cdcce03d,oneeljilc,2025-10-18,20:58:46,-06:00,2025-10-18T20:58:46-06:00,0,0
index.js,6,js,2bceebb4,oneeljilc,2025-10-18,21:00:22,-06:00,2025-10-18T21:00:22-06:00,0,60
index.js,7,js,2bceebb4,oneeljilc,2025-10-18,21:00:22,-06:00,2025-10-18T21:00:22-06:00,0,0
index.js,8,js,a1c19bec,oneeljilc,2025-10-18,21:12:42,-06:00,2025-10-18T21:12:42-06:00,0,54
index.js,9,js,a1c19bec,oneeljilc,2025-10-18,21:12:42,-06:00,2025-10-18T21:12:42-06:00,0,0
index.js,10,js,a1c19bec,oneeljilc,2025-10-18,21:12:42,-06:00,2025-10-18T21:12:42-06:00,0,52
index.js,11,js,a1c19bec,oneeljilc,2025-10-18,21:12:42,-06:00,2025-10-18T21:12:42-06:00,0,0
index.js,12,js,a1c19bec,oneeljilc,2025-10-18,21:12:42,-06:00,2025-10-18T21:12:42-06:00,0,60
index.js,13,js,a1c19bec,oneeljilc,2025-10-18,21:12:42,-06:00,2025-10-18T21:12:42-06:00,0,0
index.js,14,js,a1c19bec,oneeljilc,2025-10-18,21:12:42,-06:00,2025-10-18T21:12:42-06:00,0,17
index.js,15,js,a1c19bec,oneeljilc,2025-10-18,21:12:42,-06:00,2025-10-18T21:12:42-06:00,1,24
index.js,16,js,a1c19bec,oneeljilc,2025-10-18,21:12:42,-06:00,2025-10-18T21:12:42-06:00,4,2
index.js,17,js,a1c19bec,oneeljilc,2025-10-18,21:12:42,-06:00,2025-10-18T21:12:42-06:00,5,55
index.js,18,js,a1c19bec,oneeljilc,2025-10-18,21:12:42,-06:00,2025-10-18T21:12:42-06:00,5,55
index.js,19,js,a1c19bec,oneeljilc,2025-10-18,21:12:42,-06:00,2025-10-18T21:12:42-06:00,5,49
index.js,20,js,a1c19bec,oneeljilc,2025-10-18,21:12:42,-06:00,2025-10-18T21:12:42-06:00,5,49
index.js,21,js,a1c19bec,oneeljilc,2025-10-18,21:12:42,-06:00,2025-10-18T21:12:42-06:00,4,3
index.js,22,js,a1c19bec,oneeljilc,2025-10-18,21:12:42,-06:00,2025-10-18T21:12:42-06:00,2,0
index.js,23,js,a1c19bec,oneeljilc,2025-10-18,21:12:42,-06:00,2025-10-18T21:12:42-06:00,0,0
index.html,1,html,98442299,oneeljilc,2025-10-02,22:12:43,-06:00,2025-10-02T22:12:43-06:00,0,13
index.html,2,html,98442299,oneeljilc,2025-10-02,22:12:43,-06:00,2025-10-02T22:12:43-06:00,0,14
index.html,3,html,98442299,oneeljilc,2025-10-02,22:12:43,-06:00,2025-10-02T22:12:43-06:00,0,4
index.html,4,html,98442299,oneeljilc,2025-10-02,22:12:43,-06:00,2025-10-02T22:12:43-06:00,2,20
index.html,5,html,98442299,oneeljilc,2025-10-02,22:12:43,-06:00,2025-10-02T22:12:43-06:00,2,68
index.html,6,html,98442299,oneeljilc,2025-10-02,22:12:43,-06:00,2025-10-02T22:12:43-06:00,2,54
index.html,7,html,31c42b83,oneeljilc,2025-10-10,22:15:43,-06:00,2025-10-10T22:15:43-06:00,2,38
index.html,8,html,98442299,oneeljilc,2025-10-02,22:12:43,-06:00,2025-10-02T22:12:43-06:00,0,5
index.html,9,html,98442299,oneeljilc,2025-10-02,22:12:43,-06:00,2025-10-02T22:12:43-06:00,0,4
index.html,10,html,98442299,oneeljilc,2025-10-02,22:12:43,-06:00,2025-10-02T22:12:43-06:00,2,21
index.html,11,html,fde3a581,oneeljilc,2025-10-18,21:44:52,-06:00,2025-10-18T21:44:52-06:00,2,19
index.html,12,html,fde3a581,oneeljilc,2025-10-18,21:44:52,-06:00,2025-10-18T21:44:52-06:00,4,107
index.html,13,html,f37a9707,oneeljilc,2025-10-18,21:54:52,-06:00,2025-10-18T21:54:52-06:00,2,76
index.html,14,html,fde3a581,oneeljilc,2025-10-18,21:44:52,-06:00,2025-10-18T21:44:52-06:00,4,1
index.html,15,html,f37b24c1,oneeljilc,2025-10-03,21:13:51,-06:00,2025-10-03T21:13:51-06:00,4,98
index.html,16,html,f37b24c1,oneeljilc,2025-10-03,21:13:51,-06:00,2025-10-03T21:13:51-06:00,4,91
index.html,17,html,f37b24c1,oneeljilc,2025-10-03,21:13:51,-06:00,2025-10-03T21:13:51-06:00,4,95
index.html,18,html,f37b24c1,oneeljilc,2025-10-03,21:13:51,-06:00,2025-10-03T21:13:51-06:00,4,97
index.html,19,html,f37b24c1,oneeljilc,2025-10-03,21:13:51,-06:00,2025-10-03T21:13:51-06:00,4,83
index.html,20,html,f37b24c1,oneeljilc,2025-10-03,21:13:51,-06:00,2025-10-03T21:13:51-06:00,4,98
index.html,21,html,f37b24c1,oneeljilc,2025-10-03,21:13:51,-06:00,2025-10-03T21:13:51-06:00,4,97
index.html,22,html,fe06d669,oneeljilc,2025-10-03,21:16:12,-06:00,2025-10-03T21:16:12-06:00,4,95
index.html,23,html,fe06d669,oneeljilc,2025-10-03,21:16:12,-06:00,2025-10-03T21:16:12-06:00,4,98
index.html,24,html,f37b24c1,oneeljilc,2025-10-03,21:13:51,-06:00,2025-10-03T21:13:51-06:00,4,3
index.html,25,html,fde3a581,oneeljilc,2025-10-18,21:44:52,-06:00,2025-10-18T21:44:52-06:00,4,2
index.html,26,html,fde3a581,oneeljilc,2025-10-18,21:44:52,-06:00,2025-10-18T21:44:52-06:00,4,1
index.html,27,html,abb3e4b6,oneeljilc,2025-10-03,21:45:41,-06:00,2025-10-03T21:45:41-06:00,4,97
index.html,28,html,abb3e4b6,oneeljilc,2025-10-03,21:45:41,-06:00,2025-10-03T21:45:41-06:00,4,97
index.html,29,html,abb3e4b6,oneeljilc,2025-10-03,21:45:41,-06:00,2025-10-03T21:45:41-06:00,4,100
index.html,30,html,abb3e4b6,oneeljilc,2025-10-03,21:45:41,-06:00,2025-10-03T21:45:41-06:00,4,66
index.html,31,html,fde3a581,oneeljilc,2025-10-18,21:44:52,-06:00,2025-10-18T21:44:52-06:00,4,2
index.html,32,html,fde3a581,oneeljilc,2025-10-18,21:44:52,-06:00,2025-10-18T21:44:52-06:00,4,8
index.html,33,html,e68b5733,oneeljilc,2025-10-18,21:21:34,-06:00,2025-10-18T21:21:34-06:00,0,0
index.html,34,html,cb13de90,oneeljilc,2025-10-18,22:05:24,-06:00,2025-10-18T22:05:24-06:00,2,31
index.html,35,html,cb13de90,oneeljilc,2025-10-18,22:05:24,-06:00,2025-10-18T22:05:24-06:00,4,22
index.html,36,html,cb13de90,oneeljilc,2025-10-18,22:05:24,-06:00,2025-10-18T22:05:24-06:00,4,20
index.html,37,html,cb13de90,oneeljilc,2025-10-18,22:05:24,-06:00,2025-10-18T22:05:24-06:00,4,49
index.html,38,html,cb13de90,oneeljilc,2025-10-18,22:05:24,-06:00,2025-10-18T22:05:24-06:00,4,4
index.html,39,html,cb13de90,oneeljilc,2025-10-18,22:05:24,-06:00,2025-10-18T22:05:24-06:00,2,8
index.html,40,html,e68b5733,oneeljilc,2025-10-18,21:21:34,-06:00,2025-10-18T21:21:34-06:00,0,0
index.html,41,html,e68b5733,oneeljilc,2025-10-18,21:21:34,-06:00,2025-10-18T21:21:34-06:00,2,28
index.html,42,html,e68b5733,oneeljilc,2025-10-18,21:21:34,-06:00,2025-10-18T21:21:34-06:00,4,22
index.html,43,html,f5990b03,oneeljilc,2025-10-18,21:40:53,-06:00,2025-10-18T21:40:53-06:00,4,22
index.html,44,html,e68b5733,oneeljilc,2025-10-18,21:21:34,-06:00,2025-10-18T21:21:34-06:00,2,37
index.html,45,html,e68b5733,oneeljilc,2025-10-18,21:21:34,-06:00,2025-10-18T21:21:34-06:00,4,4
index.html,46,html,e68b5733,oneeljilc,2025-10-18,21:21:34,-06:00,2025-10-18T21:21:34-06:00,2,8
index.html,47,html,e68b5733,oneeljilc,2025-10-18,21:21:34,-06:00,2025-10-18T21:21:34-06:00,0,0
index.html,48,html,ee6a0464,oneeljilc,2025-10-17,10:26:48,-06:00,2025-10-17T10:26:48-06:00,2,45
index.html,49,html,e5d4e2d1,oneeljilc,2025-10-18,21:00:27,-06:00,2025-10-18T21:00:27-06:00,2,50
index.html,50,html,98442299,oneeljilc,2025-10-02,22:12:43,-06:00,2025-10-02T22:12:43-06:00,0,5
index.html,51,html,98442299,oneeljilc,2025-10-02,22:12:43,-06:00,2025-10-02T22:12:43-06:00,0,5
global.js,1,js,94da7afa,oneeljilc,2025-10-16,21:18:06,-06:00,2025-10-16T21:18:06-06:00,0,25
global.js,2,js,94da7afa,oneeljilc,2025-10-16,21:18:06,-06:00,2025-10-16T21:18:06-06:00,0,0
global.js,3,js,94da7afa,oneeljilc,2025-10-16,21:18:06,-06:00,2025-10-16T21:18:06-06:00,0,41
global.js,4,js,94da7afa,oneeljilc,2025-10-16,21:18:06,-06:00,2025-10-16T21:18:06-06:00,1,52
global.js,5,js,94da7afa,oneeljilc,2025-10-16,21:18:06,-06:00,2025-10-16T21:18:06-06:00,0,0
global.js,6,js,deb67756,oneeljilc,2025-10-16,21:57:09,-06:00,2025-10-16T21:57:09-06:00,0,0
global.js,7,js,d5dbebdb,oneeljilc,2025-10-17,10:08:12,-06:00,2025-10-17T10:08:12-06:00,0,15
global.js,8,js,d5dbebdb,oneeljilc,2025-10-17,10:08:12,-06:00,2025-10-17T10:08:12-06:00,1,68
global.js,9,js,d5dbebdb,oneeljilc,2025-10-17,10:08:12,-06:00,2025-10-17T10:08:12-06:00,2,19
global.js,10,js,d5dbebdb,oneeljilc,2025-10-17,10:08:12,-06:00,2025-10-17T10:08:12-06:00,2,40
global.js,11,js,d5dbebdb,oneeljilc,2025-10-17,10:08:12,-06:00,2025-10-17T10:08:12-06:00,0,0
global.js,12,js,5761b9cb,oneeljilc,2025-10-16,22:16:37,-06:00,2025-10-16T22:16:37-06:00,0,8
global.js,13,js,2b435e67,oneeljilc,2025-10-16,21:59:17,-06:00,2025-10-16T21:59:17-06:00,0,30
global.js,14,js,deb67756,oneeljilc,2025-10-16,21:57:09,-06:00,2025-10-16T21:57:09-06:00,0,0
global.js,15,js,2b435e67,oneeljilc,2025-10-16,21:59:17,-06:00,2025-10-16T21:59:17-06:00,0,33
global.js,16,js,2b435e67,oneeljilc,2025-10-16,21:59:17,-06:00,2025-10-16T21:59:17-06:00,0,73
global.js,17,js,2b435e67,oneeljilc,2025-10-16,21:59:17,-06:00,2025-10-16T21:59:17-06:00,0,3
global.js,18,js,deb67756,oneeljilc,2025-10-16,21:57:09,-06:00,2025-10-16T21:57:09-06:00,0,0
global.js,19,js,5761b9cb,oneeljilc,2025-10-16,22:16:37,-06:00,2025-10-16T22:16:37-06:00,0,39
global.js,20,js,5761b9cb,oneeljilc,2025-10-16,22:16:37,-06:00,2025-10-16T22:16:37-06:00,0,0
global.js,21,js,f0486457,oneeljilc,2025-10-17,09:49:56,-06:00,2025-10-17T09:49:56-06:00,0,9
global.js,22,js,5761b9cb,oneeljilc,2025-10-16,22:16:37,-06:00,2025-10-16T22:16:37-06:00,0,11
global.js,23,js,5761b9cb,oneeljilc,2025-10-16,22:16:37,-06:00,2025-10-16T22:16:37-06:00,2,24
global.js,24,js,5761b9cb,oneeljilc,2025-10-16,22:16:37,-06:00,2025-10-16T22:16:37-06:00,2,37
global.js,25,js,5761b9cb,oneeljilc,2025-10-16,22:16:37,-06:00,2025-10-16T22:16:37-06:00,2,25
global.js,26,js,5761b9cb,oneeljilc,2025-10-16,22:16:37,-06:00,2025-10-16T22:16:37-06:00,2,35
global.js,27,js,4cb30ef1,oneeljilc,2025-11-02,22:48:22,-07:00,2025-11-02T22:48:22-07:00,2,29
global.js,28,js,12cf20db,oneeljilc,2025-10-17,10:12:34,-06:00,2025-10-17T10:12:34-06:00,2,53
global.js,29,js,5761b9cb,oneeljilc,2025-10-16,22:16:37,-06:00,2025-10-16T22:16:37-06:00,0,0
global.js,30,js,5761b9cb,oneeljilc,2025-10-16,22:16:37,-06:00,2025-10-16T22:16:37-06:00,0,0
global.js,31,js,5761b9cb,oneeljilc,2025-10-16,22:16:37,-06:00,2025-10-16T22:16:37-06:00,0,38
global.js,32,js,5761b9cb,oneeljilc,2025-10-16,22:16:37,-06:00,2025-10-16T22:16:37-06:00,0,25
global.js,33,js,5761b9cb,oneeljilc,2025-10-16,22:16:37,-06:00,2025-10-16T22:16:37-06:00,0,0
global.js,34,js,5761b9cb,oneeljilc,2025-10-16,22:16:37,-06:00,2025-10-16T22:16:37-06:00,0,20
global.js,35,js,5761b9cb,oneeljilc,2025-10-16,22:16:37,-06:00,2025-10-16T22:16:37-06:00,2,14
global.js,36,js,5761b9cb,oneeljilc,2025-10-16,22:16:37,-06:00,2025-10-16T22:16:37-06:00,2,18
global.js,37,js,5761b9cb,oneeljilc,2025-10-16,22:16:37,-06:00,2025-10-16T22:16:37-06:00,0,0
global.js,38,js,d5dbebdb,oneeljilc,2025-10-17,10:08:12,-06:00,2025-10-17T10:08:12-06:00,2,28
global.js,39,js,d5dbebdb,oneeljilc,2025-10-17,10:08:12,-06:00,2025-10-17T10:08:12-06:00,2,20
global.js,40,js,d5dbebdb,oneeljilc,2025-10-17,10:08:12,-06:00,2025-10-17T10:08:12-06:00,2,0
global.js,41,js,d5dbebdb,oneeljilc,2025-10-17,10:08:12,-06:00,2025-10-17T10:08:12-06:00,0,0
global.js,42,js,f0486457,oneeljilc,2025-10-17,09:49:56,-06:00,2025-10-17T09:49:56-06:00,2,46
global.js,43,js,071fead9,oneeljilc,2025-10-16,22:35:44,-06:00,2025-10-16T22:35:44-06:00,2,11
global.js,44,js,071fead9,oneeljilc,2025-10-16,22:35:44,-06:00,2025-10-16T22:35:44-06:00,2,20
global.js,45,js,7f09c6ac,oneeljilc,2025-10-16,22:21:07,-06:00,2025-10-16T22:21:07-06:00,0,0
global.js,46,js,d5dbebdb,oneeljilc,2025-10-17,10:08:12,-06:00,2025-10-17T10:08:12-06:00,2,65
global.js,47,js,d5dbebdb,oneeljilc,2025-10-17,10:08:12,-06:00,2025-10-17T10:08:12-06:00,3,25
global.js,48,js,d5dbebdb,oneeljilc,2025-10-17,10:08:12,-06:00,2025-10-17T10:08:12-06:00,2,0
global.js,49,js,7d951ade,oneeljilc,2025-10-16,22:22:54,-06:00,2025-10-16T22:22:54-06:00,0,0
global.js,50,js,d5dbebdb,oneeljilc,2025-10-17,10:08:12,-06:00,2025-10-17T10:08:12-06:00,2,29
global.js,51,js,d5dbebdb,oneeljilc,2025-10-17,10:08:12,-06:00,2025-10-17T10:08:12-06:00,3,18
global.js,52,js,d5dbebdb,oneeljilc,2025-10-17,10:08:12,-06:00,2025-10-17T10:08:12-06:00,3,28
global.js,53,js,d5dbebdb,oneeljilc,2025-10-17,10:08:12,-06:00,2025-10-17T10:08:12-06:00,2,0
global.js,54,js,4c6228ee,oneeljilc,2025-10-17,09:52:13,-06:00,2025-10-17T09:52:13-06:00,0,0
global.js,55,js,d5dbebdb,oneeljilc,2025-10-17,10:08:12,-06:00,2025-10-17T10:08:12-06:00,2,12
global.js,56,js,86f357c4,oneeljilc,2025-10-17,13:18:39,-06:00,2025-10-17T13:18:39-06:00,0,0
global.js,57,js,86f357c4,oneeljilc,2025-10-17,13:18:39,-06:00,2025-10-17T13:18:39-06:00,0,0
global.js,58,js,86f357c4,oneeljilc,2025-10-17,13:18:39,-06:00,2025-10-17T13:18:39-06:00,0,17
global.js,59,js,86f357c4,oneeljilc,2025-10-17,13:18:39,-06:00,2025-10-17T13:18:39-06:00,0,31
global.js,60,js,86f357c4,oneeljilc,2025-10-17,13:18:39,-06:00,2025-10-17T13:18:39-06:00,1,11
global.js,61,js,86f357c4,oneeljilc,2025-10-17,13:18:39,-06:00,2025-10-17T13:18:39-06:00,1,0
global.js,62,js,86f357c4,oneeljilc,2025-10-17,13:18:39,-06:00,2025-10-17T13:18:39-06:00,2,26
global.js,63,js,86f357c4,oneeljilc,2025-10-17,13:18:39,-06:00,2025-10-17T13:18:39-06:00,3,4
global.js,64,js,86f357c4,oneeljilc,2025-10-17,13:18:39,-06:00,2025-10-17T13:18:39-06:00,3,24
global.js,65,js,86f357c4,oneeljilc,2025-10-17,13:18:39,-06:00,2025-10-17T13:18:39-06:00,4,43
global.js,66,js,86f357c4,oneeljilc,2025-10-17,13:18:39,-06:00,2025-10-17T13:18:39-06:00,4,34
global.js,67,js,86f357c4,oneeljilc,2025-10-17,13:18:39,-06:00,2025-10-17T13:18:39-06:00,4,32
global.js,68,js,86f357c4,oneeljilc,2025-10-17,13:18:39,-06:00,2025-10-17T13:18:39-06:00,3,7
global.js,69,js,86f357c4,oneeljilc,2025-10-17,13:18:39,-06:00,2025-10-17T13:18:39-06:00,2,6
global.js,70,js,86f357c4,oneeljilc,2025-10-17,13:18:39,-06:00,2025-10-17T13:18:39-06:00,1,0
global.js,71,js,d60a834c,oneeljilc,2025-10-17,13:35:03,-06:00,2025-10-17T13:35:03-06:00,0,0
global.js,72,js,d60a834c,oneeljilc,2025-10-17,13:35:03,-06:00,2025-10-17T13:35:03-06:00,0,0
global.js,73,js,d60a834c,oneeljilc,2025-10-17,13:35:03,-06:00,2025-10-17T13:35:03-06:00,0,59
global.js,74,js,666a6334,oneeljilc,2025-10-17,13:36:37,-06:00,2025-10-17T13:36:37-06:00,0,35
global.js,75,js,666a6334,oneeljilc,2025-10-17,13:36:37,-06:00,2025-10-17T13:36:37-06:00,0,0
global.js,76,js,e19b6308,oneeljilc,2025-10-17,13:44:48,-06:00,2025-10-17T13:44:48-06:00,0,55
global.js,77,js,e19b6308,oneeljilc,2025-10-17,13:44:48,-06:00,2025-10-17T13:44:48-06:00,0,16
global.js,78,js,e19b6308,oneeljilc,2025-10-17,13:44:48,-06:00,2025-10-17T13:44:48-06:00,1,50
global.js,79,js,e19b6308,oneeljilc,2025-10-17,13:44:48,-06:00,2025-10-17T13:44:48-06:00,1,25
global.js,80,js,e19b6308,oneeljilc,2025-10-17,13:44:48,-06:00,2025-10-17T13:44:48-06:00,0,6
global.js,81,js,e19b6308,oneeljilc,2025-10-17,13:44:48,-06:00,2025-10-17T13:44:48-06:00,1,51
global.js,82,js,e19b6308,oneeljilc,2025-10-17,13:44:48,-06:00,2025-10-17T13:44:48-06:00,1,26
global.js,83,js,e19b6308,oneeljilc,2025-10-17,13:44:48,-06:00,2025-10-17T13:44:48-06:00,0,0
global.js,84,js,e19b6308,oneeljilc,2025-10-17,13:44:48,-06:00,2025-10-17T13:44:48-06:00,0,0
global.js,85,js,d60a834c,oneeljilc,2025-10-17,13:35:03,-06:00,2025-10-17T13:35:03-06:00,0,49
global.js,86,js,e19b6308,oneeljilc,2025-10-17,13:44:48,-06:00,2025-10-17T13:44:48-06:00,1,31
global.js,87,js,e19b6308,oneeljilc,2025-10-17,13:44:48,-06:00,2025-10-17T13:44:48-06:00,1,44
global.js,88,js,e19b6308,oneeljilc,2025-10-17,13:44:48,-06:00,2025-10-17T13:44:48-06:00,0,0
global.js,89,js,e19b6308,oneeljilc,2025-10-17,13:44:48,-06:00,2025-10-17T13:44:48-06:00,1,27
global.js,90,js,e19b6308,oneeljilc,2025-10-17,13:44:48,-06:00,2025-10-17T13:44:48-06:00,2,38
global.js,91,js,e19b6308,oneeljilc,2025-10-17,13:44:48,-06:00,2025-10-17T13:44:48-06:00,1,6
global.js,92,js,e19b6308,oneeljilc,2025-10-17,13:44:48,-06:00,2025-10-17T13:44:48-06:00,2,42
global.js,93,js,e19b6308,oneeljilc,2025-10-17,13:44:48,-06:00,2025-10-17T13:44:48-06:00,1,0
global.js,94,js,e19b6308,oneeljilc,2025-10-17,13:44:48,-06:00,2025-10-17T13:44:48-06:00,0,0
global.js,95,js,e19b6308,oneeljilc,2025-10-17,13:44:48,-06:00,2025-10-17T13:44:48-06:00,1,44
global.js,96,js,a5c70272,oneeljilc,2025-10-18,14:40:15,-06:00,2025-10-18T14:40:15-06:00,0,1
global.js,97,js,a5c70272,oneeljilc,2025-10-18,14:40:15,-06:00,2025-10-18T14:40:15-06:00,0,0
global.js,98,js,a5c70272,oneeljilc,2025-10-18,14:40:15,-06:00,2025-10-18T14:40:15-06:00,0,16
global.js,99,js,a5c70272,oneeljilc,2025-10-18,14:40:15,-06:00,2025-10-18T14:40:15-06:00,0,36
global.js,100,js,a5c70272,oneeljilc,2025-10-18,14:40:15,-06:00,2025-10-18T14:40:15-06:00,1,3
global.js,101,js,a5c70272,oneeljilc,2025-10-18,14:40:15,-06:00,2025-10-18T14:40:15-06:00,2,39
global.js,102,js,a5c70272,oneeljilc,2025-10-18,14:40:15,-06:00,2025-10-18T14:40:15-06:00,2,32
global.js,103,js,a5c70272,oneeljilc,2025-10-18,14:40:15,-06:00,2025-10-18T14:40:15-06:00,2,17
global.js,104,js,a5c70272,oneeljilc,2025-10-18,14:40:15,-06:00,2025-10-18T14:40:15-06:00,3,66
global.js,105,js,a5c70272,oneeljilc,2025-10-18,14:40:15,-06:00,2025-10-18T14:40:15-06:00,2,0
global.js,106,js,a5c70272,oneeljilc,2025-10-18,14:40:15,-06:00,2025-10-18T14:40:15-06:00,2,33
global.js,107,js,a5c70272,oneeljilc,2025-10-18,14:40:15,-06:00,2025-10-18T14:40:15-06:00,2,10
global.js,108,js,a5c70272,oneeljilc,2025-10-18,14:40:15,-06:00,2025-10-18T14:40:15-06:00,1,15
global.js,109,js,a5c70272,oneeljilc,2025-10-18,14:40:15,-06:00,2025-10-18T14:40:15-06:00,2,59
global.js,110,js,a5c70272,oneeljilc,2025-10-18,14:40:15,-06:00,2025-10-18T14:40:15-06:00,1,0
global.js,111,js,ea9d8683,oneeljilc,2025-10-18,15:25:17,-06:00,2025-10-18T15:25:17-06:00,0,0
global.js,112,js,ea9d8683,oneeljilc,2025-10-18,15:25:17,-06:00,2025-10-18T15:25:17-06:00,0,0
global.js,113,js,4f708be7,oneeljilc,2025-10-18,15:49:35,-06:00,2025-10-18T15:49:35-06:00,0,16
global.js,114,js,4f708be7,oneeljilc,2025-10-18,15:49:35,-06:00,2025-10-18T15:49:35-06:00,0,76
global.js,115,js,ea9d8683,oneeljilc,2025-10-18,15:25:17,-06:00,2025-10-18T15:25:17-06:00,1,35
global.js,116,js,ea9d8683,oneeljilc,2025-10-18,15:25:17,-06:00,2025-10-18T15:25:17-06:00,1,43
global.js,117,js,ea9d8683,oneeljilc,2025-10-18,15:25:17,-06:00,2025-10-18T15:25:17-06:00,2,76
global.js,118,js,ea9d8683,oneeljilc,2025-10-18,15:25:17,-06:00,2025-10-18T15:25:17-06:00,2,5
global.js,119,js,ea9d8683,oneeljilc,2025-10-18,15:25:17,-06:00,2025-10-18T15:25:17-06:00,1,0
global.js,120,js,ea9d8683,oneeljilc,2025-10-18,15:25:17,-06:00,2025-10-18T15:25:17-06:00,1,27
global.js,121,js,ea9d8683,oneeljilc,2025-10-18,15:25:17,-06:00,2025-10-18T15:25:17-06:00,1,30
global.js,122,js,aa1fb882,oneeljilc,2025-10-18,20:55:50,-06:00,2025-10-18T20:55:50-06:00,0,0
global.js,123,js,aa1fb882,oneeljilc,2025-10-18,20:55:50,-06:00,2025-10-18T20:55:50-06:00,1,15
global.js,124,js,aa1fb882,oneeljilc,2025-10-18,20:55:50,-06:00,2025-10-18T20:55:50-06:00,1,28
global.js,125,js,aa1fb882,oneeljilc,2025-10-18,20:55:50,-06:00,2025-10-18T20:55:50-06:00,2,64
global.js,126,js,aa1fb882,oneeljilc,2025-10-18,20:55:50,-06:00,2025-10-18T20:55:50-06:00,1,0
global.js,127,js,ea9d8683,oneeljilc,2025-10-18,15:25:17,-06:00,2025-10-18T15:25:17-06:00,0,0
global.js,128,js,ea9d8683,oneeljilc,2025-10-18,15:25:17,-06:00,2025-10-18T15:25:17-06:00,0,23
global.js,129,js,ea9d8683,oneeljilc,2025-10-18,15:25:17,-06:00,2025-10-18T15:25:17-06:00,1,25
global.js,130,js,ea9d8683,oneeljilc,2025-10-18,15:25:17,-06:00,2025-10-18T15:25:17-06:00,2,38
global.js,131,js,ea9d8683,oneeljilc,2025-10-18,15:25:17,-06:00,2025-10-18T15:25:17-06:00,2,64
global.js,132,js,ea9d8683,oneeljilc,2025-10-18,15:25:17,-06:00,2025-10-18T15:25:17-06:00,2,31
global.js,133,js,ea9d8683,oneeljilc,2025-10-18,15:25:17,-06:00,2025-10-18T15:25:17-06:00,2,32
global.js,134,js,ea9d8683,oneeljilc,2025-10-18,15:25:17,-06:00,2025-10-18T15:25:17-06:00,2,5
global.js,135,js,ea9d8683,oneeljilc,2025-10-18,15:25:17,-06:00,2025-10-18T15:25:17-06:00,1,0
global.js,136,js,ea9d8683,oneeljilc,2025-10-18,15:25:17,-06:00,2025-10-18T15:25:17-06:00,0,0
global.js,137,js,ea9d8683,oneeljilc,2025-10-18,15:25:17,-06:00,2025-10-18T15:25:17-06:00,1,51
global.js,138,js,ea9d8683,oneeljilc,2025-10-18,15:25:17,-06:00,2025-10-18T15:25:17-06:00,1,26
global.js,139,js,aa1fb882,oneeljilc,2025-10-18,20:55:50,-06:00,2025-10-18T20:55:50-06:00,2,0
global.js,140,js,aa1fb882,oneeljilc,2025-10-18,20:55:50,-06:00,2025-10-18T20:55:50-06:00,2,48
global.js,141,js,4f708be7,oneeljilc,2025-10-18,15:49:35,-06:00,2025-10-18T15:49:35-06:00,0,0
global.js,142,js,4f708be7,oneeljilc,2025-10-18,15:49:35,-06:00,2025-10-18T15:49:35-06:00,2,51
global.js,143,js,4f708be7,oneeljilc,2025-10-18,15:49:35,-06:00,2025-10-18T15:49:35-06:00,2,56
global.js,144,js,4f708be7,oneeljilc,2025-10-18,15:49:35,-06:00,2025-10-18T15:49:35-06:00,2,27
global.js,145,js,4f708be7,oneeljilc,2025-10-18,15:49:35,-06:00,2025-10-18T15:49:35-06:00,0,0
global.js,146,js,2b5daa43,oneeljilc,2025-10-18,15:30:58,-06:00,2025-10-18T15:30:58-06:00,2,19
global.js,147,js,2b5daa43,oneeljilc,2025-10-18,15:30:58,-06:00,2025-10-18T15:30:58-06:00,2,23
global.js,148,js,2b5daa43,oneeljilc,2025-10-18,15:30:58,-06:00,2025-10-18T15:30:58-06:00,2,49
global.js,149,js,a9238706,oneeljilc,2025-10-27,21:06:23,-06:00,2025-10-27T21:06:23-06:00,2,33
global.js,150,js,a9238706,oneeljilc,2025-10-27,21:06:23,-06:00,2025-10-27T21:06:23-06:00,2,30
global.js,151,js,2b5daa43,oneeljilc,2025-10-18,15:30:58,-06:00,2025-10-18T15:30:58-06:00,2,0
global.js,152,js,2b5daa43,oneeljilc,2025-10-18,15:30:58,-06:00,2025-10-18T15:30:58-06:00,2,36
global.js,153,js,ea9d8683,oneeljilc,2025-10-18,15:25:17,-06:00,2025-10-18T15:25:17-06:00,1,0
global.js,154,js,0c0b8585,oneeljilc,2025-10-18,21:09:38,-06:00,2025-10-18T21:09:38-06:00,0,0
global.js,155,js,0c0b8585,oneeljilc,2025-10-18,21:09:38,-06:00,2025-10-18T21:09:38-06:00,0,0
global.js,156,js,0c0b8585,oneeljilc,2025-10-18,21:09:38,-06:00,2025-10-18T21:09:38-06:00,0,29
global.js,157,js,0c0b8585,oneeljilc,2025-10-18,21:09:38,-06:00,2025-10-18T21:09:38-06:00,0,47
global.js,158,js,0c0b8585,oneeljilc,2025-10-18,21:09:38,-06:00,2025-10-18T21:09:38-06:00,1,59
global.js,159,js,382fc260,oneeljilc,2025-10-18,20:39:45,-06:00,2025-10-18T20:39:45-06:00,0,0
projects\projects.js,1,js,a1d5c87e,oneeljilc,2025-10-27,21:29:36,-06:00,2025-10-27T21:29:36-06:00,0,63
projects\projects.js,2,js,8a848c35,oneeljilc,2025-10-18,14:40:18,-06:00,2025-10-18T14:40:18-06:00,0,55
projects\projects.js,3,js,ab1fff5f,oneeljilc,2025-10-18,20:38:32,-06:00,2025-10-18T20:38:32-06:00,0,0
projects\projects.js,4,js,ab1fff5f,oneeljilc,2025-10-18,20:38:32,-06:00,2025-10-18T20:38:32-06:00,0,57
projects\projects.js,5,js,85c6e7f9,oneeljilc,2025-10-28,22:38:31,-06:00,2025-10-28T22:38:31-06:00,1,60
projects\projects.js,6,js,85c6e7f9,oneeljilc,2025-10-28,22:38:31,-06:00,2025-10-28T22:38:31-06:00,1,62
projects\projects.js,7,js,85c6e7f9,oneeljilc,2025-10-28,22:38:31,-06:00,2025-10-28T22:38:31-06:00,1,55
projects\projects.js,8,js,85c6e7f9,oneeljilc,2025-10-28,22:38:31,-06:00,2025-10-28T22:38:31-06:00,1,27
projects\projects.js,9,js,85c6e7f9,oneeljilc,2025-10-28,22:38:31,-06:00,2025-10-28T22:38:31-06:00,1,34
projects\projects.js,10,js,85c6e7f9,oneeljilc,2025-10-28,22:38:31,-06:00,2025-10-28T22:38:31-06:00,1,49
projects\projects.js,11,js,85c6e7f9,oneeljilc,2025-10-28,22:38:31,-06:00,2025-10-28T22:38:31-06:00,1,59
projects\projects.js,12,js,ab1fff5f,oneeljilc,2025-10-18,20:38:32,-06:00,2025-10-18T20:38:32-06:00,0,0
projects\projects.js,13,js,85c6e7f9,oneeljilc,2025-10-28,22:38:31,-06:00,2025-10-28T22:38:31-06:00,1,18
projects\projects.js,14,js,85c6e7f9,oneeljilc,2025-10-28,22:38:31,-06:00,2025-10-28T22:38:31-06:00,1,55
projects\projects.js,15,js,85c6e7f9,oneeljilc,2025-10-28,22:38:31,-06:00,2025-10-28T22:38:31-06:00,0,0
projects\projects.js,16,js,85c6e7f9,oneeljilc,2025-10-28,22:38:31,-06:00,2025-10-28T22:38:31-06:00,1,30
projects\projects.js,17,js,85c6e7f9,oneeljilc,2025-10-28,22:38:31,-06:00,2025-10-28T22:38:31-06:00,1,48
projects\projects.js,18,js,71459d5e,oneeljilc,2025-10-18,14:59:40,-06:00,2025-10-18T14:59:40-06:00,0,0
projects\projects.js,19,js,85c6e7f9,oneeljilc,2025-10-28,22:38:31,-06:00,2025-10-28T22:38:31-06:00,1,25
projects\projects.js,20,js,85c6e7f9,oneeljilc,2025-10-28,22:38:31,-06:00,2025-10-28T22:38:31-06:00,1,28
projects\projects.js,21,js,85c6e7f9,oneeljilc,2025-10-28,22:38:31,-06:00,2025-10-28T22:38:31-06:00,2,56
projects\projects.js,22,js,85c6e7f9,oneeljilc,2025-10-28,22:38:31,-06:00,2025-10-28T22:38:31-06:00,1,6
projects\projects.js,23,js,85c6e7f9,oneeljilc,2025-10-28,22:38:31,-06:00,2025-10-28T22:38:31-06:00,2,39
projects\projects.js,24,js,85c6e7f9,oneeljilc,2025-10-28,22:38:31,-06:00,2025-10-28T22:38:31-06:00,1,0
projects\projects.js,25,js,96b8ecf2,oneeljilc,2025-10-27,22:06:34,-06:00,2025-10-27T22:06:34-06:00,0,0
projects\projects.js,26,js,6b23ad8e,oneeljilc,2025-10-29,21:10:13,-06:00,2025-10-29T21:10:13-06:00,1,21
projects\projects.js,27,js,264ba3c2,oneeljilc,2025-10-29,21:14:24,-06:00,2025-10-29T21:14:24-06:00,0,0
projects\projects.js,28,js,85c6e7f9,oneeljilc,2025-10-28,22:38:31,-06:00,2025-10-28T22:38:31-06:00,1,37
projects\projects.js,29,js,85c6e7f9,oneeljilc,2025-10-28,22:38:31,-06:00,2025-10-28T22:38:31-06:00,1,38
projects\projects.js,30,js,85c6e7f9,oneeljilc,2025-10-28,22:38:31,-06:00,2025-10-28T22:38:31-06:00,2,25
projects\projects.js,31,js,85c6e7f9,oneeljilc,2025-10-28,22:38:31,-06:00,2025-10-28T22:38:31-06:00,2,26
projects\projects.js,32,js,85c6e7f9,oneeljilc,2025-10-28,22:38:31,-06:00,2025-10-28T22:38:31-06:00,2,29
projects\projects.js,33,js,10565c0b,oneeljilc,2025-10-27,22:37:54,-06:00,2025-10-27T22:37:54-06:00,0,0
projects\projects.js,34,js,85c6e7f9,oneeljilc,2025-10-28,22:38:31,-06:00,2025-10-28T22:38:31-06:00,2,20
projects\projects.js,35,js,85c6e7f9,oneeljilc,2025-10-28,22:38:31,-06:00,2025-10-28T22:38:31-06:00,2,28
projects\projects.js,36,js,85c6e7f9,oneeljilc,2025-10-28,22:38:31,-06:00,2025-10-28T22:38:31-06:00,3,12
projects\projects.js,37,js,dad0efd5,oneeljilc,2025-10-28,22:27:07,-06:00,2025-10-28T22:27:07-06:00,3,14
projects\projects.js,38,js,85c6e7f9,oneeljilc,2025-10-28,22:38:31,-06:00,2025-10-28T22:38:31-06:00,3,11
projects\projects.js,39,js,dad0efd5,oneeljilc,2025-10-28,22:27:07,-06:00,2025-10-28T22:27:07-06:00,2,0
projects\projects.js,40,js,dad0efd5,oneeljilc,2025-10-28,22:27:07,-06:00,2025-10-28T22:27:07-06:00,0,0
projects\projects.js,41,js,85c6e7f9,oneeljilc,2025-10-28,22:38:31,-06:00,2025-10-28T22:38:31-06:00,2,28
projects\projects.js,42,js,85c6e7f9,oneeljilc,2025-10-28,22:38:31,-06:00,2025-10-28T22:38:31-06:00,2,47
projects\projects.js,43,js,85c6e7f9,oneeljilc,2025-10-28,22:38:31,-06:00,2025-10-28T22:38:31-06:00,3,11
projects\projects.js,44,js,85c6e7f9,oneeljilc,2025-10-28,22:38:31,-06:00,2025-10-28T22:38:31-06:00,3,10
projects\projects.js,45,js,85c6e7f9,oneeljilc,2025-10-28,22:38:31,-06:00,2025-10-28T22:38:31-06:00,2,2
projects\projects.js,46,js,85c6e7f9,oneeljilc,2025-10-28,22:38:31,-06:00,2025-10-28T22:38:31-06:00,0,0
projects\projects.js,47,js,85c6e7f9,oneeljilc,2025-10-28,22:38:31,-06:00,2025-10-28T22:38:31-06:00,2,16
projects\projects.js,48,js,85c6e7f9,oneeljilc,2025-10-28,22:38:31,-06:00,2025-10-28T22:38:31-06:00,2,52
projects\projects.js,49,js,85c6e7f9,oneeljilc,2025-10-28,22:38:31,-06:00,2025-10-28T22:38:31-06:00,2,35
projects\projects.js,50,js,85c6e7f9,oneeljilc,2025-10-28,22:38:31,-06:00,2025-10-28T22:38:31-06:00,0,0
projects\projects.js,51,js,85c6e7f9,oneeljilc,2025-10-28,22:38:31,-06:00,2025-10-28T22:38:31-06:00,2,10
projects\projects.js,52,js,85c6e7f9,oneeljilc,2025-10-28,22:38:31,-06:00,2025-10-28T22:38:31-06:00,2,27
projects\projects.js,53,js,85c6e7f9,oneeljilc,2025-10-28,22:38:31,-06:00,2025-10-28T22:38:31-06:00,3,1
projects\projects.js,54,js,85c6e7f9,oneeljilc,2025-10-28,22:38:31,-06:00,2025-10-28T22:38:31-06:00,4,13
projects\projects.js,55,js,85c6e7f9,oneeljilc,2025-10-28,22:38:31,-06:00,2025-10-28T22:38:31-06:00,4,25
projects\projects.js,56,js,264ba3c2,oneeljilc,2025-10-29,21:14:24,-06:00,2025-10-29T21:14:24-06:00,4,24
projects\projects.js,57,js,d91c5ff7,oneeljilc,2025-10-29,21:25:19,-06:00,2025-10-29T21:25:19-06:00,4,24
projects\projects.js,58,js,264ba3c2,oneeljilc,2025-10-29,21:14:24,-06:00,2025-10-29T21:14:24-06:00,4,18
projects\projects.js,59,js,900d6d02,oneeljilc,2025-10-29,21:37:34,-06:00,2025-10-29T21:37:34-06:00,6,47
projects\projects.js,60,js,d91c5ff7,oneeljilc,2025-10-29,21:25:19,-06:00,2025-10-29T21:25:19-06:00,6,19
projects\projects.js,61,js,d91c5ff7,oneeljilc,2025-10-29,21:25:19,-06:00,2025-10-29T21:25:19-06:00,8,24
projects\projects.js,62,js,d91c5ff7,oneeljilc,2025-10-29,21:25:19,-06:00,2025-10-29T21:25:19-06:00,8,39
projects\projects.js,63,js,d91c5ff7,oneeljilc,2025-10-29,21:25:19,-06:00,2025-10-29T21:25:19-06:00,8,0
projects\projects.js,64,js,d91c5ff7,oneeljilc,2025-10-29,21:25:19,-06:00,2025-10-29T21:25:19-06:00,6,30
projects\projects.js,65,js,d91c5ff7,oneeljilc,2025-10-29,21:25:19,-06:00,2025-10-29T21:25:19-06:00,8,74
projects\projects.js,66,js,900d6d02,oneeljilc,2025-10-29,21:37:34,-06:00,2025-10-29T21:37:34-06:00,6,25
projects\projects.js,67,js,900d6d02,oneeljilc,2025-10-29,21:37:34,-06:00,2025-10-29T21:37:34-06:00,7,48
projects\projects.js,68,js,900d6d02,oneeljilc,2025-10-29,21:37:34,-06:00,2025-10-29T21:37:34-06:00,6,6
projects\projects.js,69,js,900d6d02,oneeljilc,2025-10-29,21:37:34,-06:00,2025-10-29T21:37:34-06:00,7,45
projects\projects.js,70,js,900d6d02,oneeljilc,2025-10-29,21:37:34,-06:00,2025-10-29T21:37:34-06:00,7,63
projects\projects.js,71,js,900d6d02,oneeljilc,2025-10-29,21:37:34,-06:00,2025-10-29T21:37:34-06:00,7,47
projects\projects.js,72,js,900d6d02,oneeljilc,2025-10-29,21:37:34,-06:00,2025-10-29T21:37:34-06:00,6,0
projects\projects.js,73,js,d91c5ff7,oneeljilc,2025-10-29,21:25:19,-06:00,2025-10-29T21:25:19-06:00,0,10
projects\projects.js,74,js,dad0efd5,oneeljilc,2025-10-28,22:27:07,-06:00,2025-10-28T22:27:07-06:00,2,1
projects\projects.js,75,js,85c6e7f9,oneeljilc,2025-10-28,22:38:31,-06:00,2025-10-28T22:38:31-06:00,0,0
projects\projects.js,76,js,85c6e7f9,oneeljilc,2025-10-28,22:38:31,-06:00,2025-10-28T22:38:31-06:00,2,12
projects\projects.js,77,js,85c6e7f9,oneeljilc,2025-10-28,22:38:31,-06:00,2025-10-28T22:38:31-06:00,2,24
projects\projects.js,78,js,dad0efd5,oneeljilc,2025-10-28,22:27:07,-06:00,2025-10-28T22:27:07-06:00,3,4
projects\projects.js,79,js,dad0efd5,oneeljilc,2025-10-28,22:27:07,-06:00,2025-10-28T22:27:07-06:00,4,11
projects\projects.js,80,js,dad0efd5,oneeljilc,2025-10-28,22:27:07,-06:00,2025-10-28T22:27:07-06:00,4,27
projects\projects.js,81,js,85c6e7f9,oneeljilc,2025-10-28,22:38:31,-06:00,2025-10-28T22:38:31-06:00,4,38
projects\projects.js,82,js,85c6e7f9,oneeljilc,2025-10-28,22:38:31,-06:00,2025-10-28T22:38:31-06:00,4,69
projects\projects.js,83,js,dad0efd5,oneeljilc,2025-10-28,22:27:07,-06:00,2025-10-28T22:27:07-06:00,2,1
projects\projects.js,84,js,85c6e7f9,oneeljilc,2025-10-28,22:38:31,-06:00,2025-10-28T22:38:31-06:00,1,0
projects\projects.js,85,js,dad0efd5,oneeljilc,2025-10-28,22:27:07,-06:00,2025-10-28T22:27:07-06:00,0,0
projects\projects.js,86,js,85c6e7f9,oneeljilc,2025-10-28,22:38:31,-06:00,2025-10-28T22:38:31-06:00,1,30
projects\projects.js,87,js,85c6e7f9,oneeljilc,2025-10-28,22:38:31,-06:00,2025-10-28T22:38:31-06:00,1,23
projects\projects.js,88,js,8749d920,oneeljilc,2025-10-27,23:01:28,-06:00,2025-10-27T23:01:28-06:00,0,0
projects\projects.js,89,js,85c6e7f9,oneeljilc,2025-10-28,22:38:31,-06:00,2025-10-28T22:38:31-06:00,1,29
projects\projects.js,90,js,85c6e7f9,oneeljilc,2025-10-28,22:38:31,-06:00,2025-10-28T22:38:31-06:00,1,48
projects\projects.js,91,js,85c6e7f9,oneeljilc,2025-10-28,22:38:31,-06:00,2025-10-28T22:38:31-06:00,2,45
projects\projects.js,92,js,85c6e7f9,oneeljilc,2025-10-28,22:38:31,-06:00,2025-10-28T22:38:31-06:00,0,0
projects\projects.js,93,js,85c6e7f9,oneeljilc,2025-10-28,22:38:31,-06:00,2025-10-28T22:38:31-06:00,2,37
projects\projects.js,94,js,85c6e7f9,oneeljilc,2025-10-28,22:38:31,-06:00,2025-10-28T22:38:31-06:00,2,53
projects\projects.js,95,js,85c6e7f9,oneeljilc,2025-10-28,22:38:31,-06:00,2025-10-28T22:38:31-06:00,3,61
projects\projects.js,96,js,85c6e7f9,oneeljilc,2025-10-28,22:38:31,-06:00,2025-10-28T22:38:31-06:00,3,28
projects\projects.js,97,js,85c6e7f9,oneeljilc,2025-10-28,22:38:31,-06:00,2025-10-28T22:38:31-06:00,2,1
projects\projects.js,98,js,85c6e7f9,oneeljilc,2025-10-28,22:38:31,-06:00,2025-10-28T22:38:31-06:00,0,0
projects\projects.js,99,js,85c6e7f9,oneeljilc,2025-10-28,22:38:31,-06:00,2025-10-28T22:38:31-06:00,2,23
projects\projects.js,100,js,85c6e7f9,oneeljilc,2025-10-28,22:38:31,-06:00,2025-10-28T22:38:31-06:00,2,56
projects\projects.js,101,js,85c6e7f9,oneeljilc,2025-10-28,22:38:31,-06:00,2025-10-28T22:38:31-06:00,0,0
projects\projects.js,102,js,85c6e7f9,oneeljilc,2025-10-28,22:38:31,-06:00,2025-10-28T22:38:31-06:00,2,13
projects\projects.js,103,js,85c6e7f9,oneeljilc,2025-10-28,22:38:31,-06:00,2025-10-28T22:38:31-06:00,2,31
projects\projects.js,104,js,85c6e7f9,oneeljilc,2025-10-28,22:38:31,-06:00,2025-10-28T22:38:31-06:00,1,1
projects\projects.js,105,js,2b921371,oneeljilc,2025-10-29,20:39:01,-06:00,2025-10-29T20:39:01-06:00,0,1
projects\index.html,1,html,5ae36c50,oneeljilc,2025-10-03,22:12:53,-06:00,2025-10-03T22:12:53-06:00,0,13
projects\index.html,2,html,5ae36c50,oneeljilc,2025-10-03,22:12:53,-06:00,2025-10-03T22:12:53-06:00,0,14
projects\index.html,3,html,5ae36c50,oneeljilc,2025-10-03,22:12:53,-06:00,2025-10-03T22:12:53-06:00,0,4
projects\index.html,4,html,5ae36c50,oneeljilc,2025-10-03,22:12:53,-06:00,2025-10-03T22:12:53-06:00,2,20
projects\index.html,5,html,5ae36c50,oneeljilc,2025-10-03,22:12:53,-06:00,2025-10-03T22:12:53-06:00,2,68
projects\index.html,6,html,5ae36c50,oneeljilc,2025-10-03,22:12:53,-06:00,2025-10-03T22:12:53-06:00,2,37
projects\index.html,7,html,8a391179,oneeljilc,2025-10-10,22:15:46,-06:00,2025-10-10T22:15:46-06:00,2,41
projects\index.html,8,html,5ae36c50,oneeljilc,2025-10-03,22:12:53,-06:00,2025-10-03T22:12:53-06:00,0,5
projects\index.html,9,html,5ae36c50,oneeljilc,2025-10-03,22:12:53,-06:00,2025-10-03T22:12:53-06:00,0,4
projects\index.html,10,html,6755b3ef,oneeljilc,2025-10-18,20:31:16,-06:00,2025-10-18T20:31:16-06:00,2,38
projects\index.html,11,html,ba8fb44b,oneeljilc,2025-10-27,21:12:59,-06:00,2025-10-27T21:12:59-06:00,2,0
projects\index.html,12,html,ba8fb44b,oneeljilc,2025-10-27,21:12:59,-06:00,2025-10-27T21:12:59-06:00,2,19
projects\index.html,13,html,46f7c871,oneeljilc,2025-10-27,21:29:31,-06:00,2025-10-27T21:29:31-06:00,2,56
projects\index.html,14,html,ba8fb44b,oneeljilc,2025-10-27,21:12:59,-06:00,2025-10-27T21:12:59-06:00,4,40
projects\index.html,15,html,46f7c871,oneeljilc,2025-10-27,21:29:31,-06:00,2025-10-27T21:29:31-06:00,2,7
projects\index.html,16,html,46f7c871,oneeljilc,2025-10-27,21:29:31,-06:00,2025-10-27T21:29:31-06:00,2,0
projects\index.html,17,html,a0ce4a70,oneeljilc,2025-10-27,22:25:48,-06:00,2025-10-27T22:25:48-06:00,2,19
projects\index.html,18,html,4678d81d,oneeljilc,2025-10-27,22:30:16,-06:00,2025-10-27T22:30:16-06:00,2,27
projects\index.html,19,html,a0ce4a70,oneeljilc,2025-10-27,22:25:48,-06:00,2025-10-27T22:25:48-06:00,4,19
projects\index.html,20,html,a0ce4a70,oneeljilc,2025-10-27,22:25:48,-06:00,2025-10-27T22:25:48-06:00,4,58
projects\index.html,21,html,a0ce4a70,oneeljilc,2025-10-27,22:25:48,-06:00,2025-10-27T22:25:48-06:00,4,28
projects\index.html,22,html,a0ce4a70,oneeljilc,2025-10-27,22:25:48,-06:00,2025-10-27T22:25:48-06:00,4,22
projects\index.html,23,html,a0ce4a70,oneeljilc,2025-10-27,22:25:48,-06:00,2025-10-27T22:25:48-06:00,2,4
projects\index.html,24,html,ba8fb44b,oneeljilc,2025-10-27,21:12:59,-06:00,2025-10-27T21:12:59-06:00,2,0
projects\index.html,25,html,ddfe3840,oneeljilc,2025-10-27,22:37:51,-06:00,2025-10-27T22:37:51-06:00,2,4
projects\index.html,26,html,ddfe3840,oneeljilc,2025-10-27,22:37:51,-06:00,2025-10-27T22:37:51-06:00,4,15
projects\index.html,27,html,ddfe3840,oneeljilc,2025-10-27,22:37:51,-06:00,2025-10-27T22:37:51-06:00,4,11
projects\index.html,28,html,ddfe3840,oneeljilc,2025-10-27,22:37:51,-06:00,2025-10-27T22:37:51-06:00,4,26
projects\index.html,29,html,ddfe3840,oneeljilc,2025-10-27,22:37:51,-06:00,2025-10-27T22:37:51-06:00,4,31
projects\index.html,30,html,ddfe3840,oneeljilc,2025-10-27,22:37:51,-06:00,2025-10-27T22:37:51-06:00,2,0
projects\index.html,31,html,ddfe3840,oneeljilc,2025-10-27,22:37:51,-06:00,2025-10-27T22:37:51-06:00,0,0
projects\index.html,32,html,6755b3ef,oneeljilc,2025-10-18,20:31:16,-06:00,2025-10-18T20:31:16-06:00,2,26
projects\index.html,33,html,0deb8e66,oneeljilc,2025-10-18,15:56:59,-06:00,2025-10-18T15:56:59-06:00,2,48
projects\index.html,34,html,0deb8e66,oneeljilc,2025-10-18,15:56:59,-06:00,2025-10-18T15:56:59-06:00,2,47
projects\index.html,35,html,5ae36c50,oneeljilc,2025-10-03,22:12:53,-06:00,2025-10-03T22:12:53-06:00,0,5
projects\index.html,36,html,5ae36c50,oneeljilc,2025-10-03,22:12:53,-06:00,2025-10-03T22:12:53-06:00,0,5
meta\index.html,1,html,ad1a5804,oneeljilc,2025-11-02,22:48:19,-07:00,2025-11-02T22:48:19-07:00,0,13
meta\index.html,2,html,ad1a5804,oneeljilc,2025-11-02,22:48:19,-07:00,2025-11-02T22:48:19-07:00,0,14
meta\index.html,3,html,ad1a5804,oneeljilc,2025-11-02,22:48:19,-07:00,2025-11-02T22:48:19-07:00,0,4
meta\index.html,4,html,ad1a5804,oneeljilc,2025-11-02,22:48:19,-07:00,2025-11-02T22:48:19-07:00,2,20
meta\index.html,5,html,ad1a5804,oneeljilc,2025-11-02,22:48:19,-07:00,2025-11-02T22:48:19-07:00,2,68
meta\index.html,6,html,ad1a5804,oneeljilc,2025-11-02,22:48:19,-07:00,2025-11-02T22:48:19-07:00,2,17
meta\index.html,7,html,ad1a5804,oneeljilc,2025-11-02,22:48:19,-07:00,2025-11-02T22:48:19-07:00,2,41
meta\index.html,8,html,ad1a5804,oneeljilc,2025-11-02,22:48:19,-07:00,2025-11-02T22:48:19-07:00,0,5
meta\index.html,9,html,ad1a5804,oneeljilc,2025-11-02,22:48:19,-07:00,2025-11-02T22:48:19-07:00,0,4
meta\index.html,10,html,ad1a5804,oneeljilc,2025-11-02,22:48:19,-07:00,2025-11-02T22:48:19-07:00,2,11
meta\index.html,11,html,ad1a5804,oneeljilc,2025-11-02,22:48:19,-07:00,2025-11-02T22:48:19-07:00,2,61
meta\index.html,12,html,ad1a5804,oneeljilc,2025-11-02,22:48:19,-07:00,2025-11-02T22:48:19-07:00,2,0
meta\index.html,13,html,ad1a5804,oneeljilc,2025-11-02,22:48:19,-07:00,2025-11-02T22:48:19-07:00,2,45
meta\index.html,14,html,ad1a5804,oneeljilc,2025-11-02,22:48:19,-07:00,2025-11-02T22:48:19-07:00,2,50
meta\index.html,15,html,ad1a5804,oneeljilc,2025-11-02,22:48:19,-07:00,2025-11-02T22:48:19-07:00,0,5
meta\index.html,16,html,ad1a5804,oneeljilc,2025-11-02,22:48:19,-07:00,2025-11-02T22:48:19-07:00,0,5
CV\index.html,1,html,ba9b36c4,oneeljilc,2025-10-03,23:21:13,-06:00,2025-10-03T23:21:13-06:00,0,13
CV\index.html,2,html,ba9b36c4,oneeljilc,2025-10-03,23:21:13,-06:00,2025-10-03T23:21:13-06:00,0,14
CV\index.html,3,html,ba9b36c4,oneeljilc,2025-10-03,23:21:13,-06:00,2025-10-03T23:21:13-06:00,0,4
CV\index.html,4,html,ba9b36c4,oneeljilc,2025-10-03,23:21:13,-06:00,2025-10-03T23:21:13-06:00,2,20
CV\index.html,5,html,ba9b36c4,oneeljilc,2025-10-03,23:21:13,-06:00,2025-10-03T23:21:13-06:00,2,68
CV\index.html,6,html,ba9b36c4,oneeljilc,2025-10-03,23:21:13,-06:00,2025-10-03T23:21:13-06:00,2,31
CV\index.html,7,html,46074895,oneeljilc,2025-10-10,22:18:25,-06:00,2025-10-10T22:18:25-06:00,2,41
CV\index.html,8,html,ba9b36c4,oneeljilc,2025-10-03,23:21:13,-06:00,2025-10-03T23:21:13-06:00,0,5
CV\index.html,9,html,ba9b36c4,oneeljilc,2025-10-03,23:21:13,-06:00,2025-10-03T23:21:13-06:00,0,4
CV\index.html,10,html,dd61655f,oneeljilc,2025-10-10,22:59:23,-06:00,2025-10-10T22:59:23-06:00,2,25
CV\index.html,11,html,dd61655f,oneeljilc,2025-10-10,22:59:23,-06:00,2025-10-10T22:59:23-06:00,2,21
CV\index.html,12,html,dd61655f,oneeljilc,2025-10-10,22:59:23,-06:00,2025-10-10T22:59:23-06:00,2,51
CV\index.html,13,html,dd61655f,oneeljilc,2025-10-10,22:59:23,-06:00,2025-10-10T22:59:23-06:00,2,7
CV\index.html,14,html,a7690746,oneeljilc,2025-10-04,00:04:58,-06:00,2025-10-04T00:04:58-06:00,0,0
CV\index.html,15,html,dd61655f,oneeljilc,2025-10-10,22:59:23,-06:00,2025-10-10T22:59:23-06:00,2,41
CV\index.html,16,html,a7690746,oneeljilc,2025-10-04,00:04:58,-06:00,2025-10-04T00:04:58-06:00,4,16
CV\index.html,17,html,128f0fb8,oneeljilc,2025-10-10,23:05:09,-06:00,2025-10-10T23:05:09-06:00,4,2
CV\index.html,18,html,128f0fb8,oneeljilc,2025-10-10,23:05:09,-06:00,2025-10-10T23:05:09-06:00,6,113
CV\index.html,19,html,128f0fb8,oneeljilc,2025-10-10,23:05:09,-06:00,2025-10-10T23:05:09-06:00,6,35
CV\index.html,20,html,128f0fb8,oneeljilc,2025-10-10,23:05:09,-06:00,2025-10-10T23:05:09-06:00,0,0
CV\index.html,21,html,fcb4ba2c,oneeljilc,2025-10-10,23:06:15,-06:00,2025-10-10T23:06:15-06:00,6,92
CV\index.html,22,html,128f0fb8,oneeljilc,2025-10-10,23:05:09,-06:00,2025-10-10T23:05:09-06:00,6,86
CV\index.html,23,html,128f0fb8,oneeljilc,2025-10-10,23:05:09,-06:00,2025-10-10T23:05:09-06:00,0,0
CV\index.html,24,html,fcb4ba2c,oneeljilc,2025-10-10,23:06:15,-06:00,2025-10-10T23:06:15-06:00,6,107
CV\index.html,25,html,128f0fb8,oneeljilc,2025-10-10,23:05:09,-06:00,2025-10-10T23:05:09-06:00,6,39
CV\index.html,26,html,128f0fb8,oneeljilc,2025-10-10,23:05:09,-06:00,2025-10-10T23:05:09-06:00,4,3
CV\index.html,27,html,a7690746,oneeljilc,2025-10-04,00:04:58,-06:00,2025-10-04T00:04:58-06:00,2,8
CV\index.html,28,html,a7690746,oneeljilc,2025-10-04,00:04:58,-06:00,2025-10-04T00:04:58-06:00,0,0
CV\index.html,29,html,f0bef536,oneeljilc,2025-10-10,23:14:25,-06:00,2025-10-10T23:14:25-06:00,2,55
CV\index.html,30,html,a7690746,oneeljilc,2025-10-04,00:04:58,-06:00,2025-10-04T00:04:58-06:00,4,30
CV\index.html,31,html,f0bef536,oneeljilc,2025-10-10,23:14:25,-06:00,2025-10-10T23:14:25-06:00,0,0
CV\index.html,32,html,f0bef536,oneeljilc,2025-10-10,23:14:25,-06:00,2025-10-10T23:14:25-06:00,4,22
CV\index.html,33,html,a7690746,oneeljilc,2025-10-04,00:04:58,-06:00,2025-10-04T00:04:58-06:00,4,37
CV\index.html,34,html,f0bef536,oneeljilc,2025-10-10,23:14:25,-06:00,2025-10-10T23:14:25-06:00,4,61
CV\index.html,35,html,f0bef536,oneeljilc,2025-10-10,23:14:25,-06:00,2025-10-10T23:14:25-06:00,0,0
CV\index.html,36,html,a7690746,oneeljilc,2025-10-04,00:04:58,-06:00,2025-10-04T00:04:58-06:00,4,7
CV\index.html,37,html,f0bef536,oneeljilc,2025-10-10,23:14:25,-06:00,2025-10-10T23:14:25-06:00,4,67
CV\index.html,38,html,f0bef536,oneeljilc,2025-10-10,23:14:25,-06:00,2025-10-10T23:14:25-06:00,6,2
CV\index.html,39,html,f0bef536,oneeljilc,2025-10-10,23:14:25,-06:00,2025-10-10T23:14:25-06:00,6,93
CV\index.html,40,html,f0bef536,oneeljilc,2025-10-10,23:14:25,-06:00,2025-10-10T23:14:25-06:00,8,88
CV\index.html,41,html,f0bef536,oneeljilc,2025-10-10,23:14:25,-06:00,2025-10-10T23:14:25-06:00,6,94
CV\index.html,42,html,a7690746,oneeljilc,2025-10-04,00:04:58,-06:00,2025-10-04T00:04:58-06:00,8,90
CV\index.html,43,html,f0bef536,oneeljilc,2025-10-10,23:14:25,-06:00,2025-10-10T23:14:25-06:00,8,50
CV\index.html,44,html,f0bef536,oneeljilc,2025-10-10,23:14:25,-06:00,2025-10-10T23:14:25-06:00,6,89
CV\index.html,45,html,a7690746,oneeljilc,2025-10-04,00:04:58,-06:00,2025-10-04T00:04:58-06:00,8,83
CV\index.html,46,html,f0bef536,oneeljilc,2025-10-10,23:14:25,-06:00,2025-10-10T23:14:25-06:00,8,83
CV\index.html,47,html,f0bef536,oneeljilc,2025-10-10,23:14:25,-06:00,2025-10-10T23:14:25-06:00,6,3
CV\index.html,48,html,a7690746,oneeljilc,2025-10-04,00:04:58,-06:00,2025-10-04T00:04:58-06:00,4,8
CV\index.html,49,html,f0bef536,oneeljilc,2025-10-10,23:14:25,-06:00,2025-10-10T23:14:25-06:00,0,0
CV\index.html,50,html,a7690746,oneeljilc,2025-10-04,00:04:58,-06:00,2025-10-04T00:04:58-06:00,4,7
CV\index.html,51,html,f0bef536,oneeljilc,2025-10-10,23:14:25,-06:00,2025-10-10T23:14:25-06:00,6,80
CV\index.html,52,html,f0bef536,oneeljilc,2025-10-10,23:14:25,-06:00,2025-10-10T23:14:25-06:00,6,2
CV\index.html,53,html,f0bef536,oneeljilc,2025-10-10,23:14:25,-06:00,2025-10-10T23:14:25-06:00,6,97
CV\index.html,54,html,a7690746,oneeljilc,2025-10-04,00:04:58,-06:00,2025-10-04T00:04:58-06:00,8,89
CV\index.html,55,html,a7690746,oneeljilc,2025-10-04,00:04:58,-06:00,2025-10-04T00:04:58-06:00,8,92
CV\index.html,56,html,f0bef536,oneeljilc,2025-10-10,23:14:25,-06:00,2025-10-10T23:14:25-06:00,8,26
CV\index.html,57,html,f0bef536,oneeljilc,2025-10-10,23:14:25,-06:00,2025-10-10T23:14:25-06:00,6,75
CV\index.html,58,html,f0bef536,oneeljilc,2025-10-10,23:14:25,-06:00,2025-10-10T23:14:25-06:00,6,92
CV\index.html,59,html,f0bef536,oneeljilc,2025-10-10,23:14:25,-06:00,2025-10-10T23:14:25-06:00,8,7
CV\index.html,60,html,f0bef536,oneeljilc,2025-10-10,23:14:25,-06:00,2025-10-10T23:14:25-06:00,4,3
CV\index.html,61,html,f0bef536,oneeljilc,2025-10-10,23:14:25,-06:00,2025-10-10T23:14:25-06:00,4,8
CV\index.html,62,html,f0bef536,oneeljilc,2025-10-10,23:14:25,-06:00,2025-10-10T23:14:25-06:00,0,0
CV\index.html,63,html,f0bef536,oneeljilc,2025-10-10,23:14:25,-06:00,2025-10-10T23:14:25-06:00,4,7
CV\index.html,64,html,f0bef536,oneeljilc,2025-10-10,23:14:25,-06:00,2025-10-10T23:14:25-06:00,6,91
CV\index.html,65,html,f0bef536,oneeljilc,2025-10-10,23:14:25,-06:00,2025-10-10T23:14:25-06:00,6,2
CV\index.html,66,html,f0bef536,oneeljilc,2025-10-10,23:14:25,-06:00,2025-10-10T23:14:25-06:00,6,94
CV\index.html,67,html,f0bef536,oneeljilc,2025-10-10,23:14:25,-06:00,2025-10-10T23:14:25-06:00,8,85
CV\index.html,68,html,f0bef536,oneeljilc,2025-10-10,23:14:25,-06:00,2025-10-10T23:14:25-06:00,6,96
CV\index.html,69,html,f0bef536,oneeljilc,2025-10-10,23:14:25,-06:00,2025-10-10T23:14:25-06:00,6,3
CV\index.html,70,html,a7690746,oneeljilc,2025-10-04,00:04:58,-06:00,2025-10-04T00:04:58-06:00,4,8
CV\index.html,71,html,f0bef536,oneeljilc,2025-10-10,23:14:25,-06:00,2025-10-10T23:14:25-06:00,4,4
CV\index.html,72,html,f0bef536,oneeljilc,2025-10-10,23:14:25,-06:00,2025-10-10T23:14:25-06:00,1,8
CV\index.html,73,html,a7690746,oneeljilc,2025-10-04,00:04:58,-06:00,2025-10-04T00:04:58-06:00,0,0
CV\index.html,74,html,faf0163f,oneeljilc,2025-10-10,23:19:03,-06:00,2025-10-10T23:19:03-06:00,0,44
CV\index.html,75,html,faf0163f,oneeljilc,2025-10-10,23:19:03,-06:00,2025-10-10T23:19:03-06:00,2,19
CV\index.html,76,html,faf0163f,oneeljilc,2025-10-10,23:19:03,-06:00,2025-10-10T23:19:03-06:00,2,33
CV\index.html,77,html,faf0163f,oneeljilc,2025-10-10,23:19:03,-06:00,2025-10-10T23:19:03-06:00,2,19
CV\index.html,78,html,faf0163f,oneeljilc,2025-10-10,23:19:03,-06:00,2025-10-10T23:19:03-06:00,3,238
CV\index.html,79,html,faf0163f,oneeljilc,2025-10-10,23:19:03,-06:00,2025-10-10T23:19:03-06:00,4,101
CV\index.html,80,html,faf0163f,oneeljilc,2025-10-10,23:19:03,-06:00,2025-10-10T23:19:03-06:00,3,194
CV\index.html,81,html,faf0163f,oneeljilc,2025-10-10,23:19:03,-06:00,2025-10-10T23:19:03-06:00,4,103
CV\index.html,82,html,faf0163f,oneeljilc,2025-10-10,23:19:03,-06:00,2025-10-10T23:19:03-06:00,2,3
CV\index.html,83,html,faf0163f,oneeljilc,2025-10-10,23:19:03,-06:00,2025-10-10T23:19:03-06:00,2,70
CV\index.html,84,html,faf0163f,oneeljilc,2025-10-10,23:19:03,-06:00,2025-10-10T23:19:03-06:00,2,19
CV\index.html,85,html,faf0163f,oneeljilc,2025-10-10,23:19:03,-06:00,2025-10-10T23:19:03-06:00,3,243
CV\index.html,86,html,faf0163f,oneeljilc,2025-10-10,23:19:03,-06:00,2025-10-10T23:19:03-06:00,3,181
CV\index.html,87,html,faf0163f,oneeljilc,2025-10-10,23:19:03,-06:00,2025-10-10T23:19:03-06:00,3,193
CV\index.html,88,html,faf0163f,oneeljilc,2025-10-10,23:19:03,-06:00,2025-10-10T23:19:03-06:00,2,3
CV\index.html,89,html,faf0163f,oneeljilc,2025-10-10,23:19:03,-06:00,2025-10-10T23:19:03-06:00,1,8
CV\index.html,90,html,a7690746,oneeljilc,2025-10-04,00:04:58,-06:00,2025-10-04T00:04:58-06:00,0,0
CV\index.html,91,html,ca8f3a28,oneeljilc,2025-10-10,23:20:44,-06:00,2025-10-10T23:20:44-06:00,1,38
CV\index.html,92,html,ca8f3a28,oneeljilc,2025-10-10,23:20:44,-06:00,2025-10-10T23:20:44-06:00,2,13
CV\index.html,93,html,ca8f3a28,oneeljilc,2025-10-10,23:20:44,-06:00,2025-10-10T23:20:44-06:00,2,22
CV\index.html,94,html,ca8f3a28,oneeljilc,2025-10-10,23:20:44,-06:00,2025-10-10T23:20:44-06:00,3,25
CV\index.html,95,html,ca8f3a28,oneeljilc,2025-10-10,23:20:44,-06:00,2025-10-10T23:20:44-06:00,3,51
CV\index.html,96,html,ca8f3a28,oneeljilc,2025-10-10,23:20:44,-06:00,2025-10-10T23:20:44-06:00,3,63
CV\index.html,97,html,ca8f3a28,oneeljilc,2025-10-10,23:20:44,-06:00,2025-10-10T23:20:44-06:00,3,44
CV\index.html,98,html,ca8f3a28,oneeljilc,2025-10-10,23:20:44,-06:00,2025-10-10T23:20:44-06:00,3,43
CV\index.html,99,html,ca8f3a28,oneeljilc,2025-10-10,23:20:44,-06:00,2025-10-10T23:20:44-06:00,3,46
CV\index.html,100,html,ca8f3a28,oneeljilc,2025-10-10,23:20:44,-06:00,2025-10-10T23:20:44-06:00,2,3
CV\index.html,101,html,ca8f3a28,oneeljilc,2025-10-10,23:20:44,-06:00,2025-10-10T23:20:44-06:00,1,8
CV\index.html,102,html,ee6a0464,oneeljilc,2025-10-17,10:26:48,-06:00,2025-10-17T10:26:48-06:00,1,48
CV\index.html,103,html,ba9b36c4,oneeljilc,2025-10-03,23:21:13,-06:00,2025-10-03T23:21:13-06:00,0,5
CV\index.html,104,html,ba9b36c4,oneeljilc,2025-10-03,23:21:13,-06:00,2025-10-03T23:21:13-06:00,0,5
contact\index.html,1,html,ad23cc0b,oneeljilc,2025-10-03,22:13:47,-06:00,2025-10-03T22:13:47-06:00,0,13
contact\index.html,2,html,ad23cc0b,oneeljilc,2025-10-03,22:13:47,-06:00,2025-10-03T22:13:47-06:00,0,14
contact\index.html,3,html,ad23cc0b,oneeljilc,2025-10-03,22:13:47,-06:00,2025-10-03T22:13:47-06:00,0,4
contact\index.html,4,html,ad23cc0b,oneeljilc,2025-10-03,22:13:47,-06:00,2025-10-03T22:13:47-06:00,2,20
contact\index.html,5,html,ad23cc0b,oneeljilc,2025-10-03,22:13:47,-06:00,2025-10-03T22:13:47-06:00,2,68
contact\index.html,6,html,ad23cc0b,oneeljilc,2025-10-03,22:13:47,-06:00,2025-10-03T22:13:47-06:00,2,36
contact\index.html,7,html,4f10a6ca,oneeljilc,2025-10-10,22:18:27,-06:00,2025-10-10T22:18:27-06:00,2,41
contact\index.html,8,html,ad23cc0b,oneeljilc,2025-10-03,22:13:47,-06:00,2025-10-03T22:13:47-06:00,0,5
contact\index.html,9,html,ad23cc0b,oneeljilc,2025-10-03,22:13:47,-06:00,2025-10-03T22:13:47-06:00,0,4
contact\index.html,10,html,ad23cc0b,oneeljilc,2025-10-03,22:13:47,-06:00,2025-10-03T22:13:47-06:00,2,14
contact\index.html,11,html,c143bb93,oneeljilc,2025-10-03,23:11:17,-06:00,2025-10-03T23:11:17-06:00,2,71
contact\index.html,12,html,c143bb93,oneeljilc,2025-10-03,23:11:17,-06:00,2025-10-03T23:11:17-06:00,4,5
contact\index.html,13,html,d3684068,oneeljilc,2025-10-03,23:12:27,-06:00,2025-10-03T23:12:27-06:00,6,4
contact\index.html,14,html,c143bb93,oneeljilc,2025-10-03,23:11:17,-06:00,2025-10-03T23:11:17-06:00,6,40
contact\index.html,15,html,c143bb93,oneeljilc,2025-10-03,23:11:17,-06:00,2025-10-03T23:11:17-06:00,4,6
contact\index.html,16,html,c143bb93,oneeljilc,2025-10-03,23:11:17,-06:00,2025-10-03T23:11:17-06:00,4,5
contact\index.html,17,html,c143bb93,oneeljilc,2025-10-03,23:11:17,-06:00,2025-10-03T23:11:17-06:00,6,6
contact\index.html,18,html,c143bb93,oneeljilc,2025-10-03,23:11:17,-06:00,2025-10-03T23:11:17-06:00,6,41
contact\index.html,19,html,c143bb93,oneeljilc,2025-10-03,23:11:17,-06:00,2025-10-03T23:11:17-06:00,4,6
contact\index.html,20,html,c143bb93,oneeljilc,2025-10-03,23:11:17,-06:00,2025-10-03T23:11:17-06:00,4,5
contact\index.html,21,html,017a0e28,oneeljilc,2025-10-10,20:58:36,-06:00,2025-10-10T20:58:36-06:00,6,6
contact\index.html,22,html,c143bb93,oneeljilc,2025-10-03,23:11:17,-06:00,2025-10-03T23:11:17-06:00,6,40
contact\index.html,23,html,c143bb93,oneeljilc,2025-10-03,23:11:17,-06:00,2025-10-03T23:11:17-06:00,4,6
contact\index.html,24,html,d3684068,oneeljilc,2025-10-03,23:12:27,-06:00,2025-10-03T23:12:27-06:00,4,21
contact\index.html,25,html,c143bb93,oneeljilc,2025-10-03,23:11:17,-06:00,2025-10-03T23:11:17-06:00,2,5
contact\index.html,26,html,ee6a0464,oneeljilc,2025-10-17,10:26:48,-06:00,2025-10-17T10:26:48-06:00,2,48
contact\index.html,27,html,ad23cc0b,oneeljilc,2025-10-03,22:13:47,-06:00,2025-10-03T22:13:47-06:00,0,5
contact\index.html,28,html,ad23cc0b,oneeljilc,2025-10-03,22:13:47,-06:00,2025-10-03T22:13:47-06:00,0,5
